book_id,title,feedback,total_friend_reviews,avg_friend_rating,mike_rating
490,"The Moral Animal: Why We Are, the Way We Are: The New Science of Evolutio",4.9,1,5.0,
528,The Pout-Pout Fish,5.0,1,5.0,
724,"The Moral Animal: Why We Are, the Way We Are: The New Science of Ev - ACCEPTABLE",4.9,1,3.0,
800,"Chicken Soup for the Soul: The Magic of Cats: 101 Tales of Family, Friend",5.0,1,5.0,
889,Baby Touch and Feel: Baby Dinosaur (Baby Touch & Feel),3.5,1,3.0,
948,Salamandastron: A Novel of Redwall - Mass Market,4.8,1,5.0,
1130,National Geographic Readers: Koalas,5.0,2,3.5,
1304,Gamefowl Breeders Manual And Cockers Guide: Chronicles Of Kenny Troiano - V,5.0,1,5.0,
1343,Pokmon Crochet Kit: Kit includes everything you need to make Pikachu and instruc,5.0,1,5.0,
1613,Dream Snow,5.0,1,5.0,
1749,Big Little Spies (A Paws & Claws Mystery) - Mass Market,5.0,1,4.0,
1894,"Dinosaurs to Dodos: An Encyclopedia of Extinct Animals by Lessem, Don",5.0,1,5.0,
2098,The Hat,5.0,1,4.0,
2178,The Pout-Pout Fish,5.0,1,5.0,
2305,Stablemates: Stormy,5.0,1,2.0,
2525,Who Would Win? Ultimate Bug Rumble,4.3,1,4.0,
3332,Dream Animals: A Bedtime Journey,4.0,1,5.0,
3473,African Critters,3.8,1,2.0,
3746,Doctor De Soto,3.1,1,5.0,
3935,"Share Some Kindness, Bring Some Light",4.8,1,3.0,
4009,Open the Barn Door (A Chunky Book(R)),3.7,1,5.0,
4029,1001 Things to Spot on the Farm (Usborne 1001 Things to Spot),3.5,1,3.0,
4104,I Am Going! (An Elephant and Piggie Book),3.7,1,4.0,
4617,The Art of Racing in the Rain: A Novel,4.5,1,5.0,
4853,Because I Had a Teacher,4.4,1,5.0,
4930,Olivia Counts,3.3,1,4.0,
5203,My Life as a Book (The My Life series),4.4,1,1.0,
5219,"I Love You, Grandma",4.3,1,5.0,
6174,NEW LISTINGMiss Bindergarten Gets Ready for Kinderg,4.5,1,3.0,
6837,"The Eighty-Dollar Champion: Snowman, The Horse That Inspired a Nation",3.6,1,3.0,
7158,Home Is Where the Heart Is (1) (Good Dog),3.1,1,5.0,
7255,The Shy Little Kitten (Little Golden Books),3.4,1,4.0,
7269,How Rocket Learned to Read,3.1,1,5.0,
8067,National Geographic Kids Chapters: Lucky Leopards: And More True Stories,3.6,1,5.0,
8552,Splat the Cat: What Was That?,4.4,1,4.0,
8892,Clark the Shark: Lost and Found (I Can Read Level 1),4.4,1,3.0,
8910,"NEW LISTINGThe Wind in the Willows by Grahame, Kenneth",3.2,1,5.0,
8938,Eloise and Friends,3.9,1,5.0,
9504,Baby Beluga; Raffi Songs to Read - 0517583623,4.3,1,5.0,
9614,There Was an Old Lady Who Swallowed a Fly!,4.1,1,2.0,
10595,The Berenstain Bears and Too Much Vacation,4.7,1,5.0,
10873,Kids Gone Fishin' (The Freshwater Angler),3.4,1,5.0,
10945,Religion Judaism Christianity Books & Bibles Choose from good titles List #2 L-Z,3.6,1,5.0,
11266,The Miraculous Journey of Edward Tulane,3.9,1,4.0,
11455,The Bad Guys in The Furball Strikes Back (The Bad Guys #3),4.7,1,5.0,
12025,The Three Bears,4.8,1,4.0,
12375,"A Big Guy Took My Ball!-An Elephant and Pi- 9781423174912, Mo Willems",4.5,1,5.0,
13473,Bear Snores On (The Bear Books),3.4,1,5.0,
13599,My First Peek-a-Boo Animals (The World of Eric Carle),4.5,1,3.0,
13988,Wild Robot Protects,4.6,1,4.0,
14039,"NEW LISTINGHorse, Follow Closely: Native American Horsemanship by Pony Boy, Gawani",3.2,1,5.0,
14351,"Hope Rising by Meeder, Kim",4.0,1,3.0,
15549,"Into the Wild (Warriors, Book 1)",3.8,1,3.0,
15693,"Animals at War (Usborne Young Reading: Series Three) by Isabel George, Rob Lloyd",3.2,1,5.0,
16125,If You Give a Dog a Donut,3.3,1,5.0,
16860,I Am a Bunny (A Golden Sturdy Book),3.4,1,5.0,
16897,Spring Stinks (Mother Bruce Series),3.2,1,2.0,
16912,Peterson Field Guide Coloring Books: Birds: A Coloring Book [With Sticker(s)],3.8,1,5.0,
16991,Drawing: Animals in Colored Pencil: Learn to draw with colored pencil step by st,3.6,1,3.0,
17638,Llama Llama Hoppity-Hop,3.2,1,5.0,
18382,"Draw 50 Animals: The Step-by-Step Way to Draw Elephants, Tigers, Dog",3.7,1,4.0,
18659,Pete the Cat: Out of This World,3.4,1,5.0,
18667,Arthur's TV Trouble (An Arthur Adventure),4.9,1,5.0,
18806,NEW LISTINGStillwater Trout by John Merwin,3.6,1,1.0,
19414,Creepy Creatures: A Graphic Novel (Goosebumps Graphix #1): Volume 1,3.6,1,2.0,
19688,Llama Llama Holiday Drama,3.8,1,4.0,
20332,Goodnight Moon,3.1,1,3.0,
20558,Animal Books - Lot of 2 Wild Friends & Farm Friends Brand New,4.3,1,5.0,
21289,NEW LISTINGAnimal Senses (Spyglass Books: Life Science),3.6,1,5.0,
21559,Animal-Speak: The Spiritual & Magical Powers of Creatures Great & Small,4.3,1,1.0,
21913,Amazing Animal Groups Books for Young Explorers,4.4,1,5.0,
21980,"Leroy Ninker Saddles Up: Tales from Deckawoo Drive, Volume One",3.2,1,3.0,
22094,Esio Trot,4.9,1,4.0,
22325,An Otis Christmas,3.4,1,5.0,
22592,World of Eric Carle - Animal Tales Sound Storybook Treasury,3.1,1,4.0,
22971,Pete the Kitty and the Unicorn's Missing Colors (My First I Can Read),3.6,1,5.0,
23241,My Family and Other Animals,3.1,1,5.0,
23276,How Animals Care for Their Babies (Books for Young Explorers),4.3,1,4.0,
23667,Llama Llama Red Pajama,3.7,1,5.0,
23927,Nugly,4.2,1,5.0,
23951,The Cat Who Went Bananas,3.6,1,3.0,
24272,Opposites,5.0,1,4.0,
24613,The Three Snow Bears,4.5,1,3.0,
24626,Animal Dreams,3.2,1,5.0,
24900,"1984, Animal Farm (Set of 2 Books) by George, Orwell",4.7,1,5.0,
26128,Grandma Loves Me! (Marianne Richmond),4.3,1,3.0,
27346,Arthur's TV Trouble (An Arthur Adventure),4.5,1,4.0,
27388,The Berenstain Bears and the Messy Room,3.7,1,4.0,
27559,A Primates Memoir,4.8,1,1.0,
28008,"There's a Bear on My Chair by Collins, Ross",4.5,1,4.0,
28305,The Animals Bedtime Storybook,4.5,1,3.0,
28320,Animalium Botanicum: Deluxe Two-Book Box Set - LIKE NEW,4.4,1,5.0,
28633,Chato's Kitchen,3.6,1,1.0,
28797,The Story of Babar: The Little Elephant,3.3,1,2.0,
28943,Three Little Kittens (Folk Tale Classics),3.4,1,5.0,
29293,The Swiss Family Robinson (Puffin Classics),3.4,1,4.0,
29296,"Rumor Has It; An Animal Magnetism Novel - Jill Shalvis, 9780425255827",3.5,1,5.0,
29321,Charlotte's Web by E. B. White,3.6,1,5.0,
29348,Seekers #3: Smoke Mountain,4.7,1,4.0,
29819,Llama Llama Holiday Drama,3.7,1,1.0,
31190,Adult Coloring Book: Stress Relieving Animal Designs,3.6,1,3.0,
31870,"Does a Kangaroo Have a Mother, Too?",3.4,1,4.0,
32464,The Wonderful World of Elephant and Piggie 10 Bks Box Set by Mo Willems - 4+ -PB,3.1,1,2.0,
32755,The Berenstain Bears and the Trouble at School,3.7,1,2.0,
33001,Animal Dreams,3.9,1,4.0,
33008,Social Animal,3.6,1,5.0,
33925,"What the Animals Tell Me: Developin- 9780786862597, Sonya Fitzpatrick",4.7,1,4.0,
34461,Pete the Cat and His Four Groovy Buttons,4.3,1,5.0,
34899,The Three Bears,4.7,1,5.0,
35803,The House That Jack Built,4.0,1,5.0,
35911,"Sunset (Warriors: The New Prophecy, Book 6)",3.7,1,4.0,
36400,Never Touch a Shark,3.2,1,5.0,
36768,Skippyjon Jones Snow What,3.1,1,4.0,
37035,The Napping House,4.0,1,4.0,
37375,Mothering Heights + 9 Dog Man books by Dav Pilkey,3.6,1,5.0,
37752,A Fly Went by (Beginner Books(R)),3.8,1,4.0,
37825,Pete the Cat and the Perfect Pizza Party,3.5,1,5.0,
37882,Survivors #1: The Empty City,4.8,1,4.0,
38163,Corduroy's Halloween (A Lift-the-Flap Book),4.1,1,2.0,
38528,"Does a Kangaroo Have a Mother, Too?",3.7,1,3.0,
39186,Birds (National Audubon Society First Field Guides),4.6,1,1.0,
39443,The Mitten,4.6,1,4.0,
39540,Baby Farm Animals (Golden Baby),4.0,1,5.0,
39722,Maisy Makes Lemonade,4.1,1,5.0,
39786,Used Like New: Animal Farm (Deluxe Hardbound Edition) by Orwell-'Ship from USA',4.3,1,4.0,
39947,Arthur Decks the Hall (Nifty Lift-and-Look),4.5,1,2.0,
40448,The Council of Animals: A Novel,3.8,1,5.0,
41395,Good as Gold - Disneys Out and About With Pooh Volume 1,3.6,1,5.0,
41473,A Dog's Life,3.4,1,5.0,
41492,The Octonauts and The Only Lonely Monster,4.9,1,4.0,
41628,Christmas Animals: An Adult Coloring Book with Cute Holiday Animals and R,4.3,1,5.0,
42448,That's Not My Kitten... (Usborne Touchy-Feely Books),4.9,1,5.0,
42535,The Three Snow Bears,4.1,1,5.0,
42606,"Max (Maximum Ride, Book 5)",3.2,1,2.0,
42856,Childcraft Books Complete Your Set Replacement 1981 You Pick Choose Volumes,4.1,1,5.0,
42915,NEW LISTINGPrimeval Creatures of the Animal World,3.0,1,5.0,
42972,NEW LISTINGMagic Animal Friends: Maisie Dappletrot Saves the Day: Special 4,3.9,1,5.0,
43588,Digital Download | Remarkably Bright Creatures: A Novel,4.1,1,5.0,
43787,"NEW LISTINGMigloo's Weekend by Bee, William",4.5,1,5.0,
43886,Grumpy Monkey,3.7,1,5.0,
44796,"Linger (Wolves of Mercy Falls, Book 2)",3.1,1,5.0,
45937,Pete the Cat: Out of This World,4.1,1,5.0,
46227,"Hello, World! Reptiles , board_book , McDonald, Jill",3.1,1,3.0,
46741,"Little Blue Truck's Halloween: A Halloween Book for Kids by Schertle, Alice",4.3,1,4.0,
47349,"Bad Dog, Marley!",3.7,1,3.0,
47570,"NEW LISTINGThe Crow: The Third Book of Pellinor by Croggon, Alison",4.2,1,5.0,
47736,The Pout-Pout Fish,3.6,1,3.0,
48616,The Cat Who Went Bananas,3.5,1,5.0,
48757,Carl's Masquerade,4.0,1,3.0,
49469,Pets Are for Keeps (Animal Inn),5.0,1,4.0,
49597,Never Touch a Shark,3.2,1,5.0,
50391,All Better!,3.6,1,5.0,
50963,Tree in the Trail,4.3,1,3.0,
51107,The Big Book of Berenstain Bears Beginner Books,4.3,1,5.0,
51142,Pearl's Ocean Magic (Dolphin School #1),4.5,1,5.0,
51464,I Spy Little Animals,3.7,1,5.0,
51640,The Bad Guys in Open Wide and Say Arrrgh (The Bad Guys 15),4.3,1,3.0,
51987,Biscuits Christmas Storybook Favorites Includes 9 Stories Plus Stickers,4.4,1,4.0,
52932,The Genius of Birds,4.9,1,3.0,
53122,Spot Goes to the Farm board book,4.9,1,5.0,
53403,Splat the Cat,4.5,1,4.0,
53690,Corgi in the Cupcakes (Animal Ark Holiday Treasury #18-Valentine's Day),4.3,1,5.0,
53729,Smithsonian Handbooks: Mammals,3.6,1,5.0,
53761,Where's the Giraffe?,4.6,1,5.0,
54258,"NEW LISTINGBlue Animals by Leaf, Christina",3.8,1,5.0,
54275,"NEW LISTINGDogs & Puppies: Learn to Draw and Color 25 Favorite Dog Breeds, Step by Easy",3.0,1,5.0,
54308,Eragon (Inheritance),4.1,1,5.0,
54926,Touching Spirit Bear,3.7,1,3.0,
55617,"Go, Dog. Go!: P.D. Eastman's Book of Things That Go",4.1,1,5.0,
55773,If You Give a Pig a Pancake,4.3,1,5.0,
56659,The Happy Man and His Dump Truck (Little Golden Book),5.0,1,2.0,
56936,"My First Animals; My First Board Books - 9781465429018, DK, board book",3.0,1,3.0,
57071,And Tango Makes Three,3.4,1,5.0,
57121,Crookedstar's Promise (Warriors Super Edition),3.1,1,5.0,
57894,National Geographic Little Kids First Big Book,4.1,1,5.0,
58022,Llama Llama Red Pajama,4.7,1,1.0,
58085,Swimmy,3.0,1,1.0,
58736,Warriors: Power of Three #5: Long Shadows,4.3,1,2.0,
58986,CatStronauts: Race to Mars,3.8,1,5.0,
59269,I Am Pusheen the Cat,3.4,1,3.0,
59397,Mutant Origin: Michelangelo/Raphael (Teenage Mutant Ninja Turtles) - ACCEPTABLE,3.5,1,4.0,
60148,Pete the Cat: Five Little Ducks,3.5,1,5.0,
60828,Sharks (Usborne Lift-the-Flap Learners),4.4,1,2.0,
61347,"Baby Touch and Feel: Baby Animals - 0756643015, DK, board book",3.6,1,5.0,
61570,Thereby Hangs a Tail: A Chet and Bernie Mystery (The Chet and Bernie Myst),4.7,1,3.0,
62858,Farewell to Shady Glade,4.9,1,5.0,
62909,Allergic: A Graphic Novel,3.2,1,5.0,
63042,Bear Stays Up for Christmas; The Bear Bo- 9781416958963,4.6,1,5.0,
63509,WHAT IF YOU HAD ANIMAL TEETH?,4.7,1,2.0,
64245,"Leroy Ninker Saddles Up: Tales from Deckawoo Drive, Volume One",4.8,1,2.0,
64728,Funny Farm Animals - Silicone Touch and Feel Board Book - Sensory Boa,3.7,1,2.0,
64847,Who Would Win? Ultimate Jungle Rumble,4.6,1,4.0,
65031,"The Hummingbird Book: The Complete Guide to Attracting, Identifying - ACCEPTABLE",3.7,1,3.0,
67278,Dogs (First Discovery Book) - Spiral-bound,3.5,1,5.0,
67532,If Animals Celebrated Christmas,4.0,1,4.0,
67647,Hokey Pokey Elmo (Sesame Street) (Big Bird's Favorites Board Books),4.4,1,2.0,
67852,Creepy Pair of Underwear!,3.3,1,5.0,
67906,Baby's Book of Animals - 9781564582782,4.4,1,3.0,
69209,How to Raise a Jewish Dog,3.5,1,5.0,
69859,Winnie-The-Pooh Ser.: Now We Are Six & When We Were Very Young Classic Gift,3.7,1,5.0,
70401,There Was an Old Lady Who Swallowed a Bell!,3.6,1,3.0,
71248,Pete the Cat and His Four Groovy Buttons,4.6,1,5.0,
71520,"Little Blue Truck's Halloween: A Halloween Book for Kids by Schertle, Alice",3.9,1,5.0,
71562,Magic School Bus Going Batty,4.7,1,5.0,
71574,Dork Diaries 10: Tales from a Not-So,4.9,1,5.0,
72863,Dog Man: Brawl of the Wild: From the Creator of Captain Underpants [Dog Man #6],4.7,1,1.0,
73214,Never Touch a Shark,3.4,1,3.0,
73498,Richard Scarry's Planes (Richard Scarry's Busy World),4.9,1,5.0,
73989,Kitty Feral and the Case of the Marshmallow Monkey,4.5,1,4.0,
74084,Goodnight Moon,3.8,1,1.0,
74348,The Wonderful World of Elephant and Piggie 10 Bks Box Set by Mo Willems - 4+ -PB,4.1,1,5.0,
74427,The Bad Guys in the Furball Strikes Back; t,3.6,1,5.0,
74704,Angelina at the Palace (Angelina Ballerina),4.6,1,5.0,
74888,The Mitten,4.7,1,2.0,
75128,Room on the Broom,3.0,1,5.0,
75461,Chadwick the Crab,3.2,1,3.0,
75862,Ed Emberley's Drawing Book of Animals,3.1,1,5.0,
75924,Spot Goes to School,4.7,1,4.0,
76315,The Wild Unknown Animal Spirit Deck and Guidebook (Offic [PREMIUM LEATHER BOUND]),4.1,1,5.0,
77101,Trouble with Trolls,4.1,1,3.0,
77461,Mad Dog (Starlight Animal Rescue) - Mass Market,4.6,1,3.0,
77671,Gilbert Goldfish Wants a Pet,4.3,1,4.0,
77722,"Mammals: A Fully Illustrated, Authoritative and Easy-to-Use Guide (A Gold)",3.3,1,3.0,
77803,The New Yorker Book of All-New Cat Cartoons (New Yorker Series),3.2,1,3.0,
78247,The Dumb Bunnies,3.2,1,5.0,
78748,Guess How Much I Love You,3.5,1,2.0,
79202,Everyone Poops (My Body Science),4.4,1,4.0,
80151,National Geographic Readers: Koalas,3.4,1,4.0,
80427,Redwall: 30th Anniversary Edition - Mass Market,4.0,1,4.0,
80925,Bear Wants More (The Bear Books),3.9,1,3.0,
80991,Pet Show! (Picture Puffins),3.8,1,1.0,
81077,Clifford's Halloween,3.8,1,3.0,
81104,Kaufman Field Guide To Nature Of The Midwest [Kaufman Field Guides],4.2,1,4.0,
81429,"Polar Bear, Polar Bear What Do You Hear? sound book",3.7,1,5.0,
81581,Put Me in the Zoo (I can read it all by myself' Beginner Books) - ACCEPTABLE,3.4,1,2.0,
82588,Mac and Cheese [I Can Read Level 1],4.5,1,5.0,
82788,Horse Diaries #1: Elska,3.8,1,4.0,
82851,Cod: A Biography of the Fish that Changed the World,4.8,1,1.0,
82903,THE BERENSTAIN BEARS TRICK OR TR,3.6,1,3.0,
83670,Stellaluna,4.5,1,3.0,
83938,NEW LISTINGVintage Miss Polly's Animal School An Easy Reader Wonder Book 1961,4.6,1,5.0,
84096,National Geographic Little Kids First Big Book,3.7,1,5.0,
84172,"Pete the Cat: Trick or Pete , Dean, Kimberly",4.1,1,1.0,
84675,Throw the Damn Ball: Classic Poetry by Dogs,3.4,1,1.0,
84773,Animales Nocturnos (Night Animals) (Spanish Edition) by Gianna Marino,4.0,1,4.0,
85086,Chadwick the Crab,4.3,1,5.0,
85818,The One and Only Bob,4.7,1,4.0,
86197,The Foolish Tortoise (The World of Eric Carle),3.1,1,5.0,
86223,"Warriors #1: Into the Wild [Warriors: The Prophecies Begin, 1] , Hunter, Erin",4.6,1,5.0,
86243,A Whale of the Wild,3.0,1,1.0,
86759,Eva's Treetop Festival: A Branches Book (Owl Diaries #1),4.1,1,3.0,
87705,Random Lot of 10 Level 3 Step Into Reading | I Can Read | Learn To Read FOR BOYS,4.0,1,2.0,
87731,McDuff Comes Home,3.9,1,5.0,
88229,"Horns to Toes - 9780671493196, Sandra Boynton, board book",4.0,1,4.0,
89201,Pop-up Peekaboo: Woof! Woof!,4.4,1,2.0,
89389,H Is for Hawk,4.3,1,5.0,
89575,Paddington and the Christmas Surprise,4.0,1,2.0,
90022,NEW LISTINGThe Velveteen Rabbit : The Classic Children's Book by Margery Williams (1958),4.5,1,3.0,
90857,CatStronauts: Race to Mars,3.5,1,2.0,
91105,Mia and the Too Big Tutu (My First I Can Read),3.9,1,5.0,
91986,Animales Nocturnos (Night Animals) (Spanish Edition) by Gianna Marino,3.9,1,5.0,
92138,A Wolf Called Wander,3.4,1,3.0,
92595,Stargazer (Land of Elyon),4.7,1,5.0,
92877,Love That Dog,3.6,1,1.0,
92960,Happy Pig Day! (An Elephant and Piggie Book),3.4,1,5.0,
92961,"First 100 Animals - 0312510799, board book, Roger Priddy",3.3,1,5.0,
93110,Sophie and Sparkle (Pony Camp Diaries),3.8,1,4.0,
93727,Dr. Seuss's Horse Museum,4.8,1,5.0,
94293,"Rumor Has It; An Animal Magnetism Novel - Jill Shalvis, 9780425255827",4.2,1,3.0,
94703,Big Little Spies (A Paws & Claws Mystery) - Mass Market,4.7,1,5.0,
94991,"Sad Animal Facts by Barker, Brooke",3.7,1,3.0,
95923,"NEW LISTINGGolden Retrievers by Schuh, Mari C",4.5,1,4.0,
95946,The Horsewoman,3.2,1,2.0,
96261,PIG THE PUG SIX Book BOXED SET Aaron Blabey Winner Star Elf Fibber NEW SEALED,4.4,1,3.0,
96426,Baby Touch and Feel: Animals,4.8,1,2.0,
96509,The Wild Robot Escapes,3.0,1,5.0,
96702,Tabbed Board Books: My First Animals: Let's Squeak and Squawk! (Tab Board),4.6,1,5.0,
96778,SHEEP IN A JEEP,5.0,1,5.0,
96934,Gallop - 9780761147633,4.7,1,5.0,
97099,Horse Diaries #1: Elska - 9780375847325,3.6,1,4.0,
97179,"Put Me In the Zoo; Bright & Early Board Boo- 9780375812156, Lopshire, board book",4.0,1,5.0,
97294,The Cat Who Dropped a Bombshell,3.4,1,5.0,
97299,Splat the Cat,4.1,1,5.0,
97470,Little Turkey: Finger Puppet Book (Little Finger Puppet Board Books),4.6,1,5.0,
97604,Just a Mess (Little Critter) (Look-Look),3.3,2,4.5,
97718,Noisy Animals [My First],3.3,1,5.0,
99093,My Big Animal Book,4.4,1,5.0,
99743,Pig the Elf (Pig the Pug),3.5,1,5.0,
99951,Squirreled Away (The Dead Sea Squirrels),3.1,1,4.0,
100273,"Mammals: A Fully Illustrated, Authoritative and Easy-to-Use Guide (A Gold)",4.1,1,4.0,
100674,Pete the Cat and the Bedtime Blues,3.5,1,4.0,
100730,Grandma Wishes: Children's Board Book (Love You Always),4.8,1,2.0,
101090,Carl's Christmas,4.0,1,5.0,
101107,Zen Ties,5.0,1,1.0,
101382,Babies in the Snow: Lift-a-Flap Board Book (Chunky Lift a Flap Books),3.5,1,5.0,
101732,World of Reading: Mother Bruce Bruce's Big Fun Day: Level 1,3.9,1,4.0,
103280,Odd and the Frost Giants,3.9,1,5.0,
103540,"Foxfire 3: Animal Care, Banjos and Dulcimers, Hide Tanning, Summer and Fa",3.8,1,5.0,
104373,MR. POPPER'S PENGUINS,5.0,1,5.0,
104667,"Inside of a Dog: What Dogs See, Smell, and Know",4.2,1,4.0,
105019,Nuts to You,3.4,1,5.0,
105162,"Animal Kingdom: Color Me, Draw Me (A Millie Marotta Adult Co)",3.4,1,3.0,
106078,"Noisy Animals: My First Touch and Feel Sound Book by Walden, Libby",4.9,1,3.0,
106134,Arthur's Tooth (Arthur Adventure Series),3.9,1,4.0,
106597,"Happy Easter, Pout-Pout Fish (A Pout-Pout Fish Mini Adventure)",5.0,1,5.0,
106766,Scaredy Squirrel Prepares for Christmas: A Safety Guide for Scaredies,3.3,1,2.0,
106797,Animal Quotations,4.9,1,5.0,
107318,Discovery: Noisy Baby Animals! (10-Button Sound Books),3.6,1,5.0,
108031,The Berenstain Bears and Too Much Vacation- 9780394830148,4.1,1,4.0,
108421,Ten Little Dinosaurs,3.6,1,3.0,
108537,"The Moral Animal: Why We Are, the Way We Are: The New Science of Ev - ACCEPTABLE",4.7,1,4.0,
108591,Warriors #3: Forest of Secrets (Warriors: The Prophecies Begin),3.8,1,5.0,
108760,That's Not My Kitten... (Usborne Touchy-Feely Books),4.1,1,4.0,
108774,Dog,3.0,1,5.0,
108917,Loamhedge: A Novel of Redwall - Mass Market,3.6,1,5.0,
109030,Dog Man: From the Creator of Captain Underpants (Dog Man #1),4.6,1,5.0,
109407,"Homer's Odyssey: A Fearless Feline Tale, or How I Learned about Love and",3.2,1,5.0,
109586,The Story of Ferdinand,4.2,1,1.0,
109676,Splat the Cat: I Scream for Ice Cream (I Can Read Level 1),4.1,1,5.0,
109716,Eloise and Friends,4.8,1,3.0,
110412,The Magician's Elephant,3.4,1,5.0,
110546,"I Love You, Little Pookie",3.7,1,3.0,
112125,Thanksgiving Cats (Read with Me Cartwheel Books (Scholastic),3.3,1,3.0,
112771,All the Awake Animals Are Almost Asleep,3.8,1,4.0,
114069,NEW LISTINGAnimal (Oberon Modern Plays),4.3,1,4.0,
114188,Knight Owl,4.8,1,5.0,
114732,All Better!,3.4,1,5.0,
114795,Baby Animals (Little Golden Book),4.1,1,5.0,
114977,"The Art of Animal Drawing: Construction, Action Analysis, Caricature (Dov)",3.9,1,2.0,
115023,The Secret Life of Pets Little Golden Book (Secret Life of Pets),3.2,1,5.0,
115662,What If You Had An Animal Tail? - 1338208780,3.8,1,2.0,
115839,Pete the Kitty and the Unicorn's Missing Colors (My First I Can Read),3.3,1,5.0,
115984,Pay Dirt: A Mrs. Murphy Mystery,3.1,1,5.0,
116210,Shark Trouble,4.8,1,5.0,
117480,"Rabbits, Squirrels and Chipmunks: Take-Along Guide (Take Along Guides)",4.8,1,3.0,
117768,That's Not My Pony (Usborne Touchy-Feely Books),4.4,1,3.0,
117834,The Lion Guard Meet the New Gu,4.7,1,5.0,
118130,"Click, Clack, Ho! Ho! Ho! (A Click, Clack Book)",3.8,1,4.0,
118140,Papp Animal Talent Show Sticker Book ~ Over 150 Stickers! ~ Beaver Books ~ New!,3.6,1,2.0,
118874,"Baby Goat: Finger Puppet Book: (Best Baby Book for Newborns, Board Book with)",4.5,1,3.0,
119116,The Ugly Duckling (Caldecott Honor Book),3.1,1,1.0,
119170,Creepy Creatures: A Graphic Novel (Goosebumps Graphix #1): Volume 1,5.0,1,5.0,
119359,ABC Animals!: A Scanimation Picture Book (Scanimation Picture Books),3.7,1,5.0,
121032,Eva's Big Sleepover: A Branches Book (Owl Diaries #9),4.1,1,5.0,
121203,The Mixed-Up Chameleon by Eric Carle (1984-10-24),4.1,1,4.0,
121413,"How to Talk to Your Cat About Gun Safety: And Abstinence, Drugs, Satanism",4.8,1,5.0,
122569,Horse Diaries #1: Elska - 9780375847325,4.3,1,2.0,
122620,The Shy Little Kitten; Little Golden Books,4.7,1,4.0,
122775,And Tango Makes Three,4.0,1,4.0,
122825,"Pumpkin Soup: A Picture Book by Cooper, Helen",3.6,1,4.0,
124609,Doctor De Soto,3.7,1,5.0,
125191,Robert the Rose Horse,3.5,1,5.0,
125889,Little Turkey: Finger Puppet Book (Little Finger Puppet Board Books),3.2,1,4.0,
125901,Peppa Goes Swimming; Peppa Pig,4.8,1,4.0,
125923,"Hello, Baby Animals: A Durable High-Contrast Black-and",4.2,1,4.0,
126041,Paint by Sticker Kids: Zoo Animals: Create 10 Pictures One Sticker at,3.6,1,2.0,
126055,Random Lot of 10 Level 2 Step Into Reading | I Can Read | Learn To Read FOR GIRL,3.5,1,4.0,
126475,Redwall: 30th Anniversary Edition - Mass Market,3.3,1,2.0,
126713,The Thingamabob,3.0,1,5.0,
126892,UFO Cow Abduction: Beam Up Your Bovine (with Light and Sound!),4.6,1,1.0,
127199,SAFARI: A PHOTICULAR BOOK,3.2,1,2.0,
127462,I Want My Hat Back,4.5,1,5.0,
127553,"The Cat Who Saw Red - Lilian Jackson Braun, 9780515090161",4.1,1,5.0,
128165,Marley & Me: Life and Love with the World's Worst Dog,3.6,1,5.0,
129144,"Murder in the Middle Pasture by Erickson, John R",4.8,1,5.0,
129168,Mossflower (Prequel to Redwall) - Mass Market,4.2,1,5.0,
129524,Stellaluna,3.8,1,4.0,
130437,Nuts to You,4.8,1,5.0,
130560,"The Quest Begins (Seekers, Book 1)",3.4,1,4.0,
131154,Animal Babies (Nature Club),4.1,1,4.0,
131326,PAW Patrol: The Movie: Big City Adventures (PAW Patrol) (Pictureback(R)),4.7,1,2.0,
132060,Teeth Tails and Tentacles: An Animal Counting Book,3.2,1,4.0,
132308,"Smile, Pout-Pout Fish (A Pout-Pout Fish Mini Adventure)",4.2,1,5.0,
132465,A Ball for Daisy (Caldecott Medal - Winner Title(s)),4.2,1,3.0,
132827,3 BEAUTIFUL STRESS RELIEF ADULT COLORING BOOKS U CHOOSE 1 OR ALL B-034,3.7,1,2.0,
133113,The Three Little Pigs (Disney Classic) (Little Golden Book),3.5,1,3.0,
133800,The Cat Who Wasn't There,3.7,1,5.0,
134667,Mariel of Redwall,4.9,1,5.0,
134789,The Animals' Christmas Eve (Little Golden Book),4.1,1,5.0,
134807,"Gobble, Growl, Grunt",4.3,1,5.0,
134986,Baby Touch and Feel: Baby Dinosaur (Baby Touch & Feel),3.5,1,4.0,
135328,Escape From The Twin Towers (Ranger in Time #11),4.1,1,4.0,
135481,A Bear Called Paddington,3.3,1,2.0,
135676,Echo's Lucky Charm (Dolphin School #2),3.5,1,1.0,
135976,Lot Of 5 Finger Puppet Board Books Lot Random,4.1,1,4.0,
136047,The Berenstain Bears Pirate Adventure,4.3,1,4.0,
136353,Paint by Sticker Kids: Zoo Animals: Create 10 Pictures One Sticker at,4.8,1,3.0,
136492,Babies in the Forest: Lift-a-Flap Children's Board Book (Babies Love),3.6,1,3.0,
136545,Touch and Feel: Puppy,4.8,1,4.0,
136693,Spot's Peekaboo,4.7,1,3.0,
137053,I Lost My Tooth! (Unlimited Squirrels),4.1,1,3.0,
137563,Eating Animals,3.4,1,3.0,
137688,"199 Dinosaurs and Prehistoric Animals - board book, 9780794542009, Hannah Watson",4.6,1,5.0,
137814,Dream Animals: A Bedtime Journey,4.0,1,5.0,
138195,Animal Farm,4.5,1,5.0,
139050,The Berenstain Bears Meet Santa Bear (Deluxe Edition) (First Time Books(R)) by B,3.3,1,5.0,
139510,Mad Dog (Starlight Animal Rescue) - Mass Market,3.6,1,4.0,
139533,The Self-Sufficient Backyard,3.9,1,3.0,
139644,Are You There Little Elephant?,3.5,1,4.0,
139670,Born Free: A Lioness of Two Worlds,4.4,1,5.0,
139760,Adult Coloring Book: Stress Relieving Animal Designs,4.8,1,3.0,
140401,Animal-Speak: The Spiritual & Magical Powers of Creatures Great & Small,3.2,1,3.0,
141564,The Cat Who Went Into The Closet,3.1,1,4.0,
142245,Sheep in a Jeep,4.5,1,5.0,
142514,Sam and the Firefly,4.1,1,1.0,
142574,Home Is Where the Heart Is (1) (Good Dog),3.8,1,4.0,
142646,"NEW LISTINGOnly the Animals: Stories by Dovey, Ceridwen",3.3,1,5.0,
142957,The Berenstain Bears Learn About Strangers - Staple Bound,3.7,1,4.0,
143300,Pete the Cat: Secret Agent,3.9,1,5.0,
143451,"Brown Bear, Brown Bear, What Do You See?",4.4,1,4.0,
144223,The Berenstain Bears and the Christmas Angel (Berenstain Bears/Living),4.4,1,1.0,
144495,Stallion in the Storm (Animal Ark Hauntings #1),5.0,1,4.0,
145125,Sheep Go to Sleep (board book) (Sheep in a Jeep),3.8,1,5.0,
145145,Warriors: The New Prophecy #3: Dawn,3.9,1,4.0,
145412,Animal Farm by George Orwell,4.1,1,3.0,
145784,Nugly,4.0,1,5.0,
145880,Stablemates: Lucky,4.4,1,1.0,
146788,Who Would Win? Alligator vs. Python,4.0,1,2.0,
146865,"Wildlife Fact File, Complete Series In 3 Three Inch Binders",4.0,1,3.0,
146941,The Berenstain Bears and the Big Blooper,4.6,1,5.0,
147068,Mig the Pig: A Flip-the-Page Rhyme-and-Read Book,4.0,1,5.0,
148956,Bear Snores On (The Bear Books),3.9,1,3.0,
149811,The Berenstain Bears in the Dark (First Time Books),3.3,1,5.0,
150321,"Llama Llama Gives Thanks by Dewdney, Anna",3.1,1,5.0,
150523,Monarch Butterfly,4.3,1,2.0,
150650,"Biscuit Storybook Collection - 9780060759049, Alyssa Satin Capucilli",4.4,1,5.0,
150883,The Berenstain Bears Blaze a Trail,3.9,1,4.0,
151199,Just So Stories (Puffin Classics),4.7,1,3.0,
151536,Secrets of Animal Camouflage: A Shine-a-Light Book,3.3,1,4.0,
151588,"Biscuit Goes Camping; My First I Can Read - Capucilli, 9780062236937",4.0,1,4.0,
152269,National Geographic Kids Chapters: Kangaroo to the Rescue!: And More True,3.6,1,4.0,
152716,A Peterson Field Guide to Wildflowers: Northeastern and North-Central North,3.7,1,5.0,
152942,"Have You Seen My Cat? by Carle, Eric",3.2,1,4.0,
153085,"Polar Bear, Polar Bear, What Do You H- board book, Bill Martin Jr, 9780805053883",4.2,1,5.0,
153321,The One and Only Ruby by Katherine Applegate,4.8,1,5.0,
153559,The World According to Bob: The Further Adventures of One Man and His Str,3.5,1,5.0,
154010,Shark in the Park (Usborne Phonics Readers),3.6,1,5.0,
154024,Olivia Counts,3.4,1,5.0,
154266,Boxcar Children Books Gertrude Warner Mystery Chapter **Build Your Own Lot**,3.0,1,5.0,
154296,Paw Patrol Phonics Childrens Step Reading Books Beginning Readers Lot 12,4.1,1,4.0,
154760,The Umbrella,3.8,1,3.0,
155370,"Skippyjon Jones, Class Action",5.0,1,5.0,
155445,H Is for Hawk,4.7,1,5.0,
155527,NEW LISTINGThe Berenstain Bears Play a Good - 9780310712527,4.6,1,4.0,
155694,Duck on a Bike,3.5,1,3.0,
155831,Funny Farm Animals - Silicone Touch and Feel Board Book - Sensory Boa,4.3,1,5.0,
156127,All I Know About Animal Behavior I Learned in Loehmann's Dressing Room,3.4,1,3.0,
156177,Belly Button Book (Boynton on Board),3.8,1,5.0,
156634,Super Rabbit Boy vs. Super Rabbit Boss!: A Branches Book (Press Sta),3.3,1,4.0,
156652,NEW LISTINGWarriors Power of Three Complete Series 6 Book Lot ~ Erin Hunter,4.1,1,3.0,
156788,Pete the Cat and the Bedtime Blues,4.2,1,2.0,
156955,Dream Animals: A Bedtime Journey,3.3,1,5.0,
157162,Secret Pizza Party,3.3,1,4.0,
157262,Have Mercy!: Confessions of the Original Rock 'N' Roll Animal,4.9,1,5.0,
157834,Journey through Ash and Smoke (Ranger in Time #5),3.8,1,5.0,
158054,The Life and Times of the Honeybee,4.4,1,2.0,
158235,Whistle for Willie,3.3,1,5.0,
158317,1001 Animals to Spot (1001 Things to Spot),4.6,1,5.0,
158663,Just So Stories (Puffin Classics),4.3,1,5.0,
158886,The Story of Ferdinand,3.2,1,5.0,
159125,Shelby's Story: A Puppy Tale,4.1,1,4.0,
159255,Mister Seahorse,4.4,1,2.0,
159475,NEW LISTINGMiss Bindergarten Gets Ready for Kinderg,3.7,1,4.0,
159566,Henry And Mudge First Book,4.2,1,3.0,
159804,The Squeaky Lion (Animal Tales) by unknown,4.5,1,4.0,
159890,This Book Is Literally Just Pictures of Animals Silently Judging You,4.9,1,5.0,
159906,Tacky the Penguin,4.6,1,3.0,
160218,1984 & Animal Farm (Set of 2 Books) by George Orwell -NEW,3.8,1,3.0,
160410,"The Cat Who Saw Red - Lilian Jackson Braun, 9780515090161",4.5,1,2.0,
160607,Zoobreak,3.0,1,5.0,
160931,Last Week Tonight with John Oliver Presents: A Day in the Life of Marlon Bundo,4.5,1,5.0,
160948,Baby Animals Black and White,5.0,1,5.0,
161324,Big Chickens,4.7,1,5.0,
161448,Purrmaids 6: Quest for Clean Water,4.6,1,5.0,
161557,Big Game (FunJungle),3.5,1,5.0,
161736,Charlotte's Web Book and Charm (Charming Classics),3.7,1,5.0,
161763,The Cute Book,3.0,1,3.0,
161880,Doodled Cats: Dozens of clever doodling exercises ideas for cat pe,4.9,1,3.0,
161979,Five True Horse Stories (A Little Apple),3.9,1,5.0,
162051,How to Draw 101 Animals,3.2,1,4.0,
162134,"The Backyard Bug Book for Kids: Storybook, Insect Facts, and Activities",3.6,1,2.0,
162166,"Slide and Find - Animals - 9780312499082, board book, Roger Priddy",3.1,1,5.0,
162772,Coloring Books for Kids Toddlers Super Cute Animals Coloring,3.7,1,5.0,
162799,"Millions of Cats by Gág, Wanda",3.2,1,4.0,
163205,"The Poky Little Puppy; A Little Golden Book Class- 0307021343, Lowrey",4.5,1,5.0,
163446,"NEW LISTINGLITTLE CELEBRATIONS, IN THE BACKYARD, SINGLE COPY, FLUENCY, STAGE 3A",4.9,1,4.0,
163474,"Linger (Wolves of Mercy Falls, Book 2)",4.5,1,3.0,
163538,Creepy Carrots!,4.2,1,4.0,
163752,"I Went Walking; A Voyager/Hbj Book - 0152380116, Sue Williams",3.0,1,1.0,
163943,Shark in the Park (Usborne Phonics Readers),4.4,1,3.0,
164906,The Ghost and Mrs. Mewer: A Paws & Claws Mystery - Mass Market,3.9,1,5.0,
165100,Don't Let The Pigeon Drive The Bus! - 9780439686174,4.8,1,5.0,
165186,"Homer's Odyssey: A Fearless Feline Tale, or How I Learned about Love and",3.1,1,3.0,
166308,"NEW LISTINGCesar's Way: The Natural, Everyday Guide to- 0307337332, Cesar Millan",4.2,1,2.0,
166312,Pete the Cat Rocking in My School Shoes,4.6,1,5.0,
166551,The One and Only Bob,4.2,1,5.0,
166741,"Click, Clack, Ho! Ho! Ho! (A Click, Clack Book)",3.4,1,5.0,
167623,"Panda Bear, Panda Bear, What Do You See? Board Book",3.5,1,5.0,
167762,The Mitten,4.4,1,4.0,
167972,Pete the Cat: Five Little Ducks,4.9,1,3.0,
169109,Kids Gone Fishin' (The Freshwater Angler),4.5,1,5.0,
169232,Actual Size,3.2,1,4.0,
169406,The Cat Who Came to Breakfast,4.5,1,4.0,
169576,"NEW LISTINGThe Animal Kids by Cauley, Lorinda Bryan",4.4,1,5.0,
170090,There Was an Old Lady Who Swallowed a Fly!,3.9,1,3.0,
170763,Saige Paints the Sky (American Girl Today),4.0,1,5.0,
170925,How Animals Care for Their Babies (Books for Young Explorers),4.7,1,1.0,
171049,Kitty Feral and the Case of the Marshmallow Monkey,4.0,1,5.0,
171190,The Shy Little Kitten (Little Golden Books),4.6,1,5.0,
172050,"Poppy; Poppy, 3",3.2,1,5.0,
172426,"Animal Groups: How Animals Live Toget- 9781553373377, Etta Kaner",4.2,1,3.0,
172625,Llama Llama Red Pajama,4.2,1,3.0,
172635,Animals of the Bible,3.0,1,4.0,
172989,A Dog's Promise (A Dog's Purpose),3.3,1,3.0,
173016,Grumpy Monkey,3.7,1,4.0,
173066,"Llama Llama Jingle Bells - board book, 0451469801, Anna Dewdney, new",4.6,1,2.0,
173540,Unlikely Loves: 43 Heartwarming True Stories from the Animal Kingdom,4.4,1,5.0,
173582,The Bad Guys in The Furball Strikes Back (The Bad Guys #3),3.3,1,4.0,
173641,All I Know About Animal Behavior I Learned in Loehmann's Dressing Room,4.1,1,4.0,
173724,Lost in the Snow (Pet Rescue Adventures),4.8,1,5.0,
173988, Trained by a Hound Dog by Ed Vance,4.5,1,2.0,
174638,Squirrel's Busy Day,3.1,1,5.0,
174913,Bear Snores On,4.5,1,5.0,
175336,Henry and Mudge and the Funny Lunch Level 2 Reader (Henry and Mudge Ready),4.4,1,4.0,
175921,Spot's Christmas,3.1,1,1.0,
176498,"Go, Stitch, Go! (Step-Into-Reading, Step 2)",4.1,1,5.0,
176696,Literature Classics Build Your Own Lot You Choose The Books For Decor/Library,3.9,1,4.0,
176904,Your Baby's First Word Will Be DADA,4.4,1,5.0,
177218,Pete the Cat: Old MacDonald Had a Farm Board Book,4.4,1,5.0,
177223,The Berenstain Bears and Too Much Birthday,4.1,1,2.0,
177302,"NEW LISTINGLogolounge Master Library, Volume 2: 3000 Animal and Mythology Logos",4.2,1,1.0,
177882,Childcraft Books Complete Your Set Replacement 1981 You Pick Choose Volumes,3.8,1,4.0,
178166,"Baby Touch and Feel: Farm Friends - 9781465416728, DK, board book",4.3,1,2.0,
178534,Baby Touch and Feel: Wild Animals (Baby Touch & Feel),5.0,1,3.0,
179012,Chicken Sunday - 9780698116153,3.4,1,3.0,
179414,Where the Red Fern Grows - Mass Market,3.6,1,4.0,
179638,"NEW LISTINGLITTLE CELEBRATIONS, IN THE BACKYARD, SINGLE COPY, FLUENCY, STAGE 3A",4.2,1,5.0,
179856,Chadwick the Crab,4.7,1,4.0,
180290,The Foolish Tortoise (The World of Eric Carle),4.5,1,5.0,
180368,Daisy Meadows Magic Animal Friends - 10 Book Box Set by Daisy Meadows Book The,3.2,1,5.0,
180505,Farm Animals Coloring Book for Kids Beautiful +40 Pages Contain Simple and Some,4.1,1,3.0,
180994,Franklin's Blanket,3.1,1,3.0,
181244,"Adult Coloring Books: Animal Mandala Designs and Stress Relie... by Summer, Jade",3.0,1,5.0,
181275,Marley & Me: Life and Love with the World's Worst Dog,4.0,1,5.0,
182265,Easton Press Roger Tory Peterson Field Guides LeatherBound 50th 34 Titles Choose,3.5,1,5.0,
182705,Hoot,4.9,1,5.0,
182738,My Life as a Book (The My Life series),4.7,1,5.0,
183255,CatStronauts: Mission Moon,4.7,1,3.0,
183554,The Trumpet of the Swan,3.3,1,2.0,
183704,Skippyjon Jones in the Doghouse,4.4,1,5.0,
184460,Scaredy-Pug: A Branches Book (Diary of a Pug #5) (5),4.8,1,5.0,
184488,Irresistible Felted Baby Animals : Needle Felted Cuties from Puppies to Panda,4.9,1,5.0,
185203,"The Poky Little Puppy; A Little Golden Book Class- 0307021343, Lowrey",4.2,1,5.0,
185246,Warriors: Dawn of the Clans #6: Path of Stars,3.2,1,4.0,
185982,The Berenstain Bears and the Spooky Old Tree (Big Bright & Early Boar),3.9,1,5.0,
186940,The Berenstain Bears and the Homework Hassle,3.2,1,5.0,
187818,Survivors #3: Darkness Falls - 9780062102669,4.4,1,5.0,
187919,Childcraft Books Complete Your Set Replacement 1981 You Pick Choose Volumes,3.0,1,5.0,
187930,The Swiss Family Robinson (Puffin Classics),3.6,1,4.0,
188463,Tuck in the Pool,3.2,1,3.0,
188804,Crenshaw,4.7,1,5.0,
188805,The New Yorker Book of All-New Cat Cartoons (New Yorker Series),4.1,1,5.0,
189193,Peppa Goes Apple Picking (Peppa Pig),3.3,1,4.0,
189345,The Cat Who Had 60 Whiskers,4.5,1,2.0,
189697,Peterson Field Guide Coloring Books: Birds: A Coloring Book [With Sticker(s)],4.2,1,5.0,
189942,Champ,4.6,1,1.0,
190251,"Doggies - Sandra Boynton, 9780671493189, board book",4.7,1,5.0,
190453,Muddle and Match Jungle Animals,4.1,1,4.0,
190873,"How to Talk to Your Cat About Gun Safety: And Abstinence, Drugs, Satanism",3.2,1,4.0,
190919,Don't Let The Pigeon Drive The Bus! - 9780439686174,3.3,1,4.0,
190966,Animal-Speak: The Spiritual & Magical Powers of Creatures Great & Small,4.8,1,4.0,
191424,My Big Book of Beginner Books About Me (Beginner Books(R)),4.2,1,3.0,
191569,NEW / VINTAGE 1990 TMNT Pop-Up Storybook /,4.8,1,5.0,
191590,Spot Goes to School,3.3,1,4.0,
191897,Who Would Win Rhino vs. Hippo,3.9,1,1.0,
192051,That's Not My Penguin (Touchy-Feely Board Books),4.2,1,1.0,
192304,The Call of the Wild,3.1,1,1.0,
192593,Blind Trust (True Blue K-9 Unit) - Mass Market,4.6,1,5.0,
192706,Random Lot of 10 Level 1 Step Into Reading | I Can Read | Learn To Read FOR BOYS,3.3,1,3.0,
192923,"Put Me In the Zoo; Bright & Early Board Boo- 9780375812156, Lopshire, board book",4.1,1,3.0,
193627,"There Was an Old Lady Who Swallowed a Bell!- 9780545946155, board book, Colandro",4.6,1,5.0,
194195,"NEW LISTINGDo Animals Have Souls?: A Pet Lover's Guide to Spirituality by Isaacs, Ronald H",3.2,1,5.0,
194664,"Bright Baby Touch & Feel Baby Animals; Bright- board book, 9780312498580, Priddy",3.7,1,5.0,
194814,NEW LISTINGJunior Classics BLACK BEAUTY +THE SECRET GARDEN Anna Sewell,3.7,1,5.0,
195403,Nickelodeon Little First Look & Find Books: (2) Paw Patrol & (1) Blue's Clues!,4.1,1,5.0,
195500,The Story of Diva and Flea,4.8,1,4.0,
195834,"Bad Dog, Marley!",4.3,1,5.0,
195874,Teenage Mutant Ninja Turtles (Nickelodeon) Look and FindÂ® (Nickelodeon L,3.9,1,3.0,
196691,20 lot little golden books assorted kids vintage mix newer board books,4.1,1,5.0,
196812,Animal Crossing New Horizons Residents' Handbook,4.9,1,2.0,
198332,The Story of Babar: The Little Elephant,5.0,1,2.0,
199998,The Mitten: Oversized Board Book,3.9,1,5.0,
200145,Patch (Breyer Stablemates),3.1,1,5.0,
200617,Everything You Need to Ace Science in One Big Fat Notebook: The Complete,3.3,1,3.0,
200634,Water Babies,4.0,1,5.0,
200791,Collie with a Card (Animal Ark Holiday Treasury #6-Valentine's Day) (Anim,3.2,1,2.0,
200889,"Bluey: Bob Bilby - Penguin Young Readers Licenses, 0593224590",4.1,1,5.0,
201336,"Macca the Alpaca by Cosgrove, Matt",4.1,1,3.0,
201451,NEW LISTINGWarriors Power of Three Complete Series 6 Book Lot ~ Erin Hunter,3.9,1,5.0,
201901,Halloween Heroes! (Paw Patrol),4.7,1,5.0,
202255,Where the Red Fern Grows - Mass Market,3.8,1,4.0,
202334,Where's the Dog?,4.5,1,3.0,
202601,"The Big Honey Hunt, 50th Anniversary Edition (The Berenstain Bears)",4.5,1,5.0,
202788,Big Little Spies (A Paws & Claws Mystery) - Mass Market,4.2,1,5.0,
203562,"Animals at War (Usborne Young Reading: Series Three) by Isabel George, Rob Lloyd",4.1,1,4.0,
203721,What Do People Do All Day?,3.3,1,4.0,
204032,Are You My Mother ?,4.4,1,2.0,
204227,"The Hummingbird Book: The Complete Guide to Attracting, Identifying, and",4.4,1,5.0,
204378,The New Friend (Hey Jack!),4.8,1,2.0,
204527,"Fishing for Catfish: The Complete Guide for Catching Big Channels, Blues",3.0,1,2.0,
204861,Evolutional Ethics and Animal Psychology (Classic Reprint),3.0,1,5.0,
205246,Ember (Rescue Dogs #1),4.1,1,5.0,
205464,The Call of the Wild (Classic Starts),3.8,1,2.0,
205537,National Geographic Kids Chapters: Horse Escape Artist: And More True Sto,4.5,1,2.0,
205939,"Rumor Has It; An Animal Magnetism Novel - Jill Shalvis, 9780425255827",3.9,1,4.0,
205959,Making Rounds with Oscar: The Extraordinary Gift of an Ordinary Cat,3.0,1,5.0,
206283,Over in the Meadow,4.0,1,5.0,
206362,The Adventures of Miss Petitfour,4.4,1,4.0,
206655,NEW LISTINGFeathers (Learn About: Animal Coverings),4.4,1,4.0,
206772,Connectors Animal Heroes,4.6,1,5.0,
206857,The Rainbow Fish,4.3,1,3.0,
206878,NEW LISTINGBareMinerals BarePro Performance Wear Powder Foundation 10g / .34oz,3.1,1,4.0,
207456,Hallmark Itty Bittys Jack and the Beanstalk Stuffed Animal & Storybook Set,5.0,1,4.0,
207504,The Berenstain Bears and the Big Blooper,4.1,1,3.0,
207528,Harry the Dirty Dog Board Book,4.5,1,4.0,
207708,The Poky Little Puppy (A Little Golden Book Classic),4.2,1,4.0,
208003,Animalia,5.0,1,3.0,
208180,"Wild Sea Creatures: Sharks, Whales and Dolphins! (Wild Kratts) (Step into",4.3,1,5.0,
208419,Warriors #1: Into the Wild (Warriors: The Prophecies Begin),3.9,1,5.0,
209791,The Berenstain Bears Get the Gimmies,4.1,1,3.0,
210076,Baby Touch and Feel: Bible Animals (Baby Touch & Feel),3.9,1,3.0,
210457,Nora the Arctic Fox Fairy (the Baby Animal Rescue Faires #7): A Rainbow Magic,4.1,1,4.0,
211791,Angry Birds Playground: Atlas: A Global Geography- 1426314000,3.3,1,2.0,
211904,Sharks (Zoobooks Series),3.8,1,5.0,
211964,Baby Touch and Feel: Baby Dinosaur (Baby Touch & Feel),4.0,1,5.0,
212397,Comet's Nine Lives,3.9,1,2.0,
212404,Pop-up Peekaboo: Woof! Woof!,4.9,1,5.0,
212417,A Wolf Called Wander,3.1,1,5.0,
212716,Saige Paints the Sky (American Girl Today),3.1,1,4.0,
213198,"Rainforest Escape: My Island Animal, Exotic Flower and Tropical Plant Color Book",3.5,1,5.0,
213249,You Loves Ewe! (A Yam and Donkey Book),3.4,1,5.0,
213289,My Friend Rabbit: A Picture Book (Caldecott Medal Book),3.5,1,5.0,
213324,Bayou Ballet,3.8,1,3.0,
213519,"Sandra Polley's Knitted Toys: Animals, Dolls and Teddies for All Ages",3.7,1,3.0,
213671,Lilian Jackson Braun THE CAT WHO Book Series Lot - Choose - Build a Collection,3.8,1,5.0,
213672,"National Geographic Kids Ocean Animals Sticker Activity Book: Over 1,000",4.0,1,3.0,
214089,Baby Touch and Feel: Bible Animals (Baby Touch & Feel),4.0,1,5.0,
214412,Janey Crane (Let's Read Together),4.8,1,3.0,
215224,Henry And Mudge First Book,3.2,1,5.0,
215304,The Original Adventures of Hank the Cowdog,4.1,1,4.0,
215804,The Amazing Turkey Rescue,5.0,1,5.0,
217902,Pete the Cat and His Four Groovy Buttons,4.7,1,4.0,
217990,Where The Red Fern Grows,4.6,1,5.0,
218279,Stallion by Starlight (Magic Tree House (R) Merlin Mission),4.1,1,4.0,
218280,"NEW LISTINGAll About South Carolina Birds by Alsop, Fred",4.6,1,4.0,
218655,Sheep in a Jeep,3.3,1,5.0,
218724,"Adult Coloring Books: Animal Mandala Designs and Stress Relie... by Summer, Jade",3.2,1,1.0,
218830,The Kitten Who Thought He Was a Mouse (Little Golden Book),3.4,1,3.0,
219388,Tog the Dog,3.0,1,3.0,
219663,NEW LISTINGAnimal Mouths,4.1,1,3.0,
219951,"Hello Hello (Books for Preschool and Kindergarten, Poetry Books for Kids)",4.1,1,5.0,
219966,3 Billy Goats Gruff,4.3,1,3.0,
220039,Animals in Winter (Let's-Read-and-Find-Out Science),3.6,1,1.0,
220343,Olivia,3.9,1,4.0,
220362,My Big Animal Book (My Big Board Books),3.9,1,3.0,
220688,Memoirs of a Goldfish,4.9,1,5.0,
220975,New Adventures Story Box (Peppa Pig),4.2,1,2.0,
221114,The Pout-Pout Fish,3.2,1,4.0,
221242,Cinders: A Chicken Cinderella,4.1,1,3.0,
221587,Flora and Ulysses: The Illuminated Adventures,3.7,1,4.0,
221792,Zen Shorts (Caldecott Honor Book),4.3,1,5.0,
222054,What Do People Do All Day?,3.7,1,2.0,
222075,Bad Kitty Camp Daze,4.6,1,5.0,
222122,The Haunted House (Choose Your Own Adventure - Dragonlarks),4.4,1,1.0,
222472,CatStronauts: Race to Mars,3.2,1,3.0,
222544,"I Love You, Stinky Face",3.2,1,5.0,
222666,The Berenstain Bears and the Big Blooper,4.6,1,2.0,
222731,Cracker!: The Best Dog in Vietnam,3.5,1,5.0,
222909,Baby Orca: Finger Puppet Book,4.6,1,3.0,
223616,The Yearling (50th Anniversary Edition) - Mass Market,4.8,1,5.0,
223666,Wild About Books,4.6,1,4.0,
223903,Grandma Wishes: Children's Board Book (Love You Always),3.2,1,3.0,
223995,Everything for a Dog,4.5,1,4.0,
224824,"Seashells, Crabs and Sea Stars: Take-Along Guide [Take Along Guides]",4.1,1,5.0,
224997,Tickle Time!: A Boynton on Board Board Book,3.8,1,3.0,
225353,Llama Llama Mad at Mama,3.1,1,5.0,
225795,"Hero by Morey, Walt",4.3,1,2.0,
226069,"I'll Wait, Mr. Panda / Yo voy a esperar, Sr. Panda (Spanish Edition)",3.5,1,5.0,
226076,McDuff Comes Home,3.1,1,4.0,
226446,Sleepy Dog (Step into Reading),3.6,1,5.0,
226935,"Baby Touch and Feel: Farm Friends - 9781465416728, DK, board book",4.8,1,5.0,
227426,Horse Diaries #4: Maestoso Petra,4.5,1,5.0,
227456,NEW LISTINGLearn To Draw Animals,3.1,1,4.0,
227590,Nugly,3.3,1,3.0,
227632,Stone Fox,3.2,1,5.0,
228006,Chicken Sunday - 9780698116153,3.0,1,5.0,
228234,20 LBS of Childrens Baby Toddler Daycare Board Books Chunky Books RANDOM,3.5,1,2.0,
228296,How to Draw Wild Animals: in simple steps,3.7,1,5.0,
228388,Animal Families WOLVES,3.8,1,3.0,
228867,Bunnies in the Bathroom (Animal Ark Series),4.5,1,3.0,
228921,"I Love You, Little Pookie",4.6,1,4.0,
228965,Mighty Pup Power! (PAW Patrol) (Little Golden Book),3.8,1,2.0,
229061,"The King of Sting by Peterson, Coyote",4.3,1,5.0,
229324,Animal Farm and Related Readings,4.6,1,2.0,
229363,"But Not the Hippopotamus - 0671449044, board book, Sandra Boynton",3.3,1,4.0,
229367,Tuck in the Pool,3.7,1,5.0,
229421,Corduroy,3.6,1,2.0,
229458,A Library Book for Bear (Bear and Mouse),4.1,1,3.0,
230298,Katie the Kitten,4.0,1,5.0,
230523,First Animal Encyclopedia,3.7,1,3.0,
230768,NEW LISTINGVintage Miss Polly's Animal School An Easy Reader Wonder Book 1961,3.7,1,5.0,
231299,The Cat Who Went Into The Closet,4.8,1,4.0,
231399,Kermit the Hermit,4.7,1,2.0,
231491,Believe: A Horseman's Journey,5.0,1,3.0,
231511,Little Blue Truck's Springtime,3.5,1,5.0,
232416,Black Beauty (Sterling Unabridged Classics),5.0,1,5.0,
232425,Everything You Need to Ace Science in One Big Fat Notebook The C,3.9,1,4.0,
232627,Pastured Poultry Profits,4.0,1,2.0,
233972,"Seashells, Crabs and Sea Stars: Take-Along Guide [Take Along Guides]",4.5,1,4.0,
234238,Library Book: Are You My Mother?,4.1,1,4.0,
234256,The Ember Stone: A Branches Book (The Last Firehawk #1),5.0,1,4.0,
234288,Llama Llama Holiday Drama,3.8,1,5.0,
234560,Wild Winter Creatures! (Wild Kratts) (Step into Reading),3.8,1,4.0,
234896,Big Little Spies (A Paws & Claws Mystery) - Mass Market,5.0,1,5.0,
235131,Is Your Mama a Llama?,4.7,1,5.0,
235505,How It All Vegan!: Irresistible Recipes for an Animal-Free Diet,4.4,1,4.0,
235725,The Devil's Teeth: A True Story of Obsession and Survival Among America's,3.3,1,5.0,
236393,"NEW LISTINGRobbut, a Tale of Tails by Lawson, Robert",4.5,1,5.0,
236395,NEW Lot of 4 Baby Toddler Pre-School Board Books Zoo Animals Ducky Farms MORE!,4.0,1,5.0,
236611,Amazing Animals: Play-A-Sound (Disney Baby Einstein),4.5,1,4.0,
236977,Dog Man: Brawl of the Wild: A Graphic Novel (Dog Man #6): From the Creator of,3.5,1,5.0,
237200,Charlie the Ranch Dog,4.9,1,5.0,
237243,"George Washington and the General's Dog (Step-Into-Reading, Step 3)",3.6,1,1.0,
237321,The Rise Of The Goldfish: A Branches Book (Pets Rule! #4),4.3,1,5.0,
237688,How to Draw Zoo Animals: Step-by-step instructions for 20 wild creatures .. NEW,5.0,1,3.0,
237725,Winnie-The-Pooh Ser.: Now We Are Six & When We Were Very Young Classic Gift,3.4,1,3.0,
238044,"NEW LISTINGHow to Build Animal Housing: 60 Plans for Coops, Hutches, Barns, Sh - ACCEPTABLE",3.8,1,5.0,
238857,Richard Scarry's Boats (Richard Scarry's Busy World),4.0,1,4.0,
239072,Open the Barn Door (A Chunky Book(R)),3.8,1,1.0,
239181,The Classic Treasury of Aesop's Fables,3.3,1,5.0,
239724,Seekers #3: Smoke Mountain,4.7,1,3.0,
239823,"CatStronauts: Mission Moon; CatStron- 9780316307451, Drew Brockington",4.0,1,4.0,
240825,If You Give a Pig a Pancake - Staple Bound,4.4,1,3.0,
240955,The Happy Man and His Dump Truck (Little Golden Book),4.4,1,5.0,
241101,"Leroy Ninker Saddles Up: Tales from Deckawoo Drive, Volume One",3.3,1,5.0,
241104,Dog Heaven,3.5,1,4.0,
241277,Mammal (Eyewitness Books),4.3,1,3.0,
241558,Last Week Tonight with John Oliver Presents: A Day in the Life of Marlon Bundo,3.7,1,1.0,
241651,Three Little Kittens (Folk Tale Classics),4.3,1,4.0,
241737,Best Birds: Upland and Shore,4.7,1,4.0,
242288,Animal World. 9781407550879,3.9,1,4.0,
242652,Little Puppy: Finger Puppet Book (Little Finger Puppet Board Books),4.6,1,4.0,
243369,"Big Egg (Step-Into-Reading, Step 1)",4.0,1,5.0,
243439,Katt vs. Dogg,4.4,1,5.0,
243802,My First Counting Book,4.0,1,3.0,
244347,Bear Stays Up for Christmas,4.1,1,5.0,
244408,Snowflake (Breyer Stablemates),3.3,1,5.0,
244715,Baby Einstein: First Words,3.6,1,2.0,
244865,"Easy Coloring Books for Senior: Flowers and Animals Coloring Book Easy, Fun",3.2,1,4.0,
245579,Draw Baby Animals,3.8,1,5.0,
245670,"Hello, Crabby!: An Acorn Book (A Crabby Book #1)",4.8,1,3.0,
246434,"Good Night, Good Night: The Original Longer Version Of The Going To Bed Boo",4.0,1,2.0,
247129,"Animals in Art by Blizzard, Gladys S",3.6,1,4.0,
247355,"I'll Wait, Mr. Panda / Yo voy a esperar, Sr. Panda (Spanish Edition)",3.6,1,5.0,
247522,Katie the Kitten,3.4,1,5.0,
247734,"1984, Animal Farm (Set of 2 Books) by George, Orwell",3.5,1,2.0,
248058,Mariel of Redwall,3.5,1,5.0,
248291,Redwall by Brian Jacques,3.7,1,5.0,
248421,Clovis Crawfish and Paillasse Poule D'eau,3.8,1,4.0,
248520,National Geographic Little Kids First Big Book of the Ocean (National Geo),3.2,1,2.0,
248857,The Berenstain Bears Meet Santa Bear (Deluxe Edition) (First Time Books(R)) by B,4.3,1,4.0,
250088,The Raft,4.3,1,5.0,
250349,What If You Had Animal Feet?,4.3,1,4.0,
250777,Horton Hears a Who!,3.3,1,3.0,
250987,THE CAT WHO COULD READ BACKWARDS,3.2,1,4.0,
251584,Chadwick the Crab,4.7,1,2.0,
251675,A Primates Memoir,4.9,1,5.0,
251975,"Dogtripping: 25 Rescues, 11 Volunteers, and 3 RVs on Our Canine Cross-Cou",4.4,1,3.0,
252311,Chadwick the Crab,4.7,1,5.0,
252878,In the Heart of the Sea: The Tragedy of the Whaleship Essex,3.3,1,4.0,
253052,Charlotte's Web Book and Charm (Charming Classics),4.7,1,5.0,
253053,The Fat Cat Sat on the Mat (I Can Read Level 1),4.8,1,3.0,
253114,Guess How Much I Love You,4.4,1,5.0,
253224,"A Big Guy Took My Ball!-An Elephant and Pi- 9781423174912, Mo Willems",4.3,1,4.0,
253765,NEW LISTINGKaakuluk: Beluga Whales!,4.1,1,5.0,
254157,Chase's Space Case (Paw Patrol) (Step into Reading),4.3,1,5.0,
254842,Dora and the Unicorn King (Ready-To-Read Dora the Explorer - Level 1),3.3,1,3.0,
254970,War Animals: The Unsung Heroes of World War II,4.7,1,2.0,
255651,Lamb in the Laundry (Animal Ark Series #12),4.0,1,5.0,
255862,Animal Crossing: New Leaf: Prima Official Game Guide (Prima Official Game),4.2,1,2.0,
256011,Llama Llama Misses Mama,3.3,1,4.0,
256075,"Animal Sounds; Golden Sturdy Book - 0307121224, Aurelius Battaglia",4.1,1,5.0,
256264,Bedtime Bear (Touch and Feel Books),3.8,1,3.0,
256490,Shelby's Story: A Puppy Tale,4.4,1,3.0,
256525,The Berenstain Bears Get the Gimmies,4.0,1,2.0,
257116,"Go, Stitch, Go! (Step-Into-Reading, Step 2)",3.8,1,4.0,
257535,Paw Patrol IM Ready To Read,4.0,1,5.0,
257652,I Had a Black Dog - Flexibound,3.4,1,4.0,
259178,Gilbert Goldfish Wants a Pet,4.9,1,4.0,
259425,Shiloh (The Shiloh Quartet),3.0,1,2.0,
259483,The Berenstain Bears No Girls Allowed,4.4,1,5.0,
259502,Mister Seahorse,3.6,1,5.0,
259528,My Big Animal Book (My Big Board Books),3.3,1,5.0,
259671,The Wonky Donkey: A Board Book,4.6,1,5.0,
259962,Are You There Little Elephant?,4.1,1,5.0,
260067,Henry Huggins,4.7,1,5.0,
260329,1001 Things to Spot in the Sea,3.3,1,5.0,
260483,Corduroy,5.0,1,4.0,
260623,"Hello, Baby Animals: A Durable High-Contrast Black-and",3.4,1,4.0,
260650,"NEW LISTINGKitty's Magic: Star the Little Farm Cat by Moonheart, Ella",3.2,1,4.0,
260890,The Black Stallion Challenged,3.7,1,2.0,
261306,"Big Egg (Step-Into-Reading, Step 1)",3.0,1,5.0,
261635,The Berenstain Bears Go to School (First Time Books(R)),4.0,1,5.0,
261695,The Call of the Wild (Classic Starts),4.5,1,3.0,
261957,Patrol Pals (Paw Patrol) (Friendship Box),3.7,1,5.0,
262134,"Slide and Find - Animals - 9780312499082, board book, Roger Priddy",3.6,1,5.0,
262174,The Three Little Pigs (Paul Galdone Classics),4.8,1,5.0,
263537,"Skippyjon Jones, Class Action",3.6,1,5.0,
263830,Baby Bear Sees Blue,3.2,1,3.0,
263851,The Berenstain Bears Get the Gimmies,4.9,1,3.0,
263915,The Pout-Pout Fish,3.0,1,5.0,
263949,Feed the Animals ~ interactive board book ~ NEW,3.3,1,4.0,
264171,Scaredy Squirrel Has a Birthday Party,3.1,1,5.0,
264563,"National Geographic Animal Encyclopedia: 2,500 Animals with Photos, Maps",4.7,1,4.0,
264842,Ice Dogs,4.6,1,4.0,
265215,Race to the South Pole (Ranger in Time #4),3.6,1,4.0,
265251,Waiting Is Not Easy! (An Elephant and Piggie Book),4.1,1,5.0,
265395,Eva and Baby Mo: A Branches Book; Owl Diaries #1,3.9,1,5.0,
265450,Arthur's Chicken Pox: An Arthur Adventure (Arthur Adventure Series),3.4,1,4.0,
265662,From Head to Toe Board Book,4.1,1,4.0,
266067,NEW LISTINGDoves; A Complete Pet Owner's Manual - 0812018559,4.8,1,3.0,
266097,Pests: How Humans Create Animal Villains,3.1,1,2.0,
266448,Quack! Quack!: These Baby Animals Can't Want to Meet You (Baby Touch an),4.3,1,1.0,
266819,Animal artisans,3.2,1,4.0,
266895,Pete the Cat: 5-Minute Pete the Cat Stories: Includes 12 Groovy Stories!,4.0,1,5.0,
267735,The Three Little Pigs (Paul Galdone Classics),3.2,1,5.0,
267845,If You Give a Pig a Pancake,4.4,1,4.0,
267992,"City Dog, Country Frog",4.7,1,4.0,
268138,Have Mercy!: Confessions of the Original Rock 'N' Roll Animal,4.5,1,5.0,
268419,Nickelodeon Paw Patrol - Search with Skye - Little First Look and Find,4.0,1,5.0,
268723,NEW LISTINGFind Your Animal: A Spiritual Guide to Self-discovery,4.4,1,5.0,
268755,SCAREDY SQUIRREL,4.8,1,5.0,
268898,NEW LISTINGKaakuluk: Bearded Seals!,4.0,1,3.0,
268975,The Foolish Tortoise (The World of Eric Carle),4.2,1,5.0,
269667,Last Week Tonight with John Oliver Presents: A Day in the Life of Marlon Bundo,3.2,1,4.0,
269916,Silly Lullaby (Boynton on Board (Sandra Boynton Board Books)),4.4,1,5.0,
270176,The Haunted House (Choose Your Own Adventure - Dragonlarks),3.2,1,4.0,
270966,"Max; Maximum Ride, Book 5 - James Patterson, 0316002895",4.4,1,5.0,
271093,Piggie Pie!,3.8,1,1.0,
271106,Spot Goes to the Farm board book,4.7,1,4.0,
271630,The Berenstain Bears' New Kitten (I Can Read Level 1),3.9,1,5.0,
271791,The Berenstain Bears and the Missing Honey,4.5,1,4.0,
272286,Animals in Winter (Let's-Read-and-Find-Out Science),5.0,1,4.0,
272292,The Wildwood Bakery: A Branches Book (Owl Diaries #7),4.6,1,3.0,
272327,I'm a Narwhal (Little Golden Book),3.1,1,5.0,
272585,National Geographic Little Kids First Big Book of Animals (National Geogr),3.3,1,5.0,
272625,Bear Wants More,4.6,1,5.0,
272705,Birds First Discovery Books,4.5,1,4.0,
272714,Gregor the Overlander,3.3,1,5.0,
273359,"North American Wildlife: Birds Field Guide by Reader's Digest; Dolezal, Robert",5.0,1,5.0,
273714,The Cat Who Sniffed Glue,4.6,1,1.0,
273949,Purrmaids #4: Search for the Mermicorn,4.5,1,5.0,
275296,Hank the Cowdog Ranch Life - Complete Series 5 Books,3.3,1,5.0,
275507,"Share Some Kindness, Bring Some Light",3.9,1,4.0,
275785,Grumpy Monkey,3.6,1,5.0,
275975,Carousel Animals Coloring Book (Dover Coloring Books),4.4,1,5.0,
276174,Glad Tidings: An Anthology,4.1,1,5.0,
276217,The Cat in the Hat,3.1,1,5.0,
276614,Poppy (Tales from Dimwood Forest),3.4,1,5.0,
276694,Surprises According to Humphrey,4.3,1,5.0,
277122,Mister Seahorse,3.1,1,4.0,
277168,Best Friends Furever (Love Puppies 1),3.9,1,5.0,
277231,"Dog Man: A Graphic Novel (Dog Man #1): From the Creator of Captain Underpants, 1",3.3,1,5.0,
277610,"Smile, Pout-Pout Fish (A Pout-Pout Fish Mini Adventure)",4.5,1,2.0,
277685,"Baby Beluga; Raffi Songs to Read - 9780517709771, board book, Raffi",4.0,1,2.0,
277768,Arthur's First Sleepover: An Arthur Adventure,4.5,1,4.0,
277943,CHRISTMAS IN THE MANGER,3.6,1,1.0,
278101,Animal Dreams,4.6,1,3.0,
278246,Kira's Animal Rescue (Girl of the Year),3.8,1,4.0,
278325,Lot of 15 1st Grade AR Accelerated Reading RANDOM Picture Books RL Level 1.0-1.9,4.2,1,5.0,
279133,How Do Dinosaurs Love Their Dogs?,3.2,1,5.0,
279134,Paw Patrol Phonics Box Set,3.1,1,5.0,
279599,The Story of Ferdinand,4.6,1,5.0,
279672,The Call of the Wild and White Fang (Sterling Unabridged Classics),3.3,1,4.0,
279897,"City Dog, Country Frog",3.4,1,1.0,
279975,Chicken Soup for the Soul: Loving Our Dogs: Heartwarming and Humoro - ACCEPTABLE,3.2,1,2.0,
280506,"Hello, Farm!: Lift-a-sound (Lift-A-Sound Board Book)",4.6,1,5.0,
280803,The Berenstain Bears' New Kitten (I Can Read Level 1),3.6,1,5.0,
281268,Jill Tomlinsons Favourite Animal Tales 6 Books Collection Set,3.7,1,5.0,
281380,"Animal Tracks of Northern California by Sheldon, Ian",3.4,1,5.0,
281427,Black Beauty (Children's Classics),3.7,1,3.0,
281701,The Berenstain Bears Go to School (First Time Books(R)),3.0,1,4.0,
281876,"First 100 Animals - 0312510799, board book, Roger Priddy",5.0,1,5.0,
281901,Corgi in the Cupcakes (Animal Ark Holiday Treasury #18-Valentine's Day),3.0,1,5.0,
281957,Pete the Cat and the Supercool Science Fair,4.6,1,5.0,
282012,Night Animals by Gianna Marino,3.2,1,5.0,
282412,"The Quest Begins (Seekers, Book 1)",3.9,1,5.0,
282466,The Great Ghost Hoax (The Great Pet Heist),3.6,1,4.0,
282815,Purrmaids 6: Quest for Clean Water,3.6,1,5.0,
283276,Piggie Pie!,4.5,1,5.0,
283417,Pete the Kitty and the Unicorn's Missing Colors (My First I Can Read),3.9,1,3.0,
284179,"I Love You, Grandma",4.2,1,1.0,
284467,Just a Mess (Little Critter) (Look-Look),4.4,1,5.0,
284525,Animal Friends (Little Golden Book),3.9,1,3.0,
284558,How To Be A Good Creature: A Memoir in Thirteen Animals,3.6,1,2.0,
284755,The Amazing Turkey Rescue,3.5,1,5.0,
284886,NEW & SEALED 6 Books There Was An Old Lady Who Swallowed a Fly Frog Bat Colandro,4.1,1,5.0,
286254,Angry Birds Playground: Atlas: A Global Geography- 1426314000,3.1,1,2.0,
286617,Your Bedroom Is a Rainforest!: Bring Rainforest Animals Indoors with,3.7,1,4.0,
287139,"NEW LISTINGHorse, Follow Closely: Native American Horsemanship by Pony Boy, Gawani",3.6,1,5.0,
287656,Lectures on Human and Animal Psychology / by Wilhelm Wundt ; [Leather Bound],3.8,1,5.0,
287862,"Richard Scarry's Good Morning, Busytown! by Scarry, Richard",5.0,1,5.0,
287878,Corduroy's Christmas - School & Library Binding,4.5,1,3.0,
287952,Busy Doggies!: A Busy Animals Book (A Busy Book),3.8,1,5.0,
288132,Corduroy's Christmas - School & Library Binding,3.6,1,4.0,
288159,World of Reading: Mother Bruce Bruce's Big Fun Day: Level 1,3.4,1,5.0,
288357,Silly Lullaby (Boynton on Board (Sandra Boynton Board Books)),3.5,1,2.0,
288617,"WILD BORN [SPIRIT ANIMALS, BOOK",3.4,1,4.0,
288837,Saige Paints the Sky (American Girl Today),4.6,1,5.0,
289610,The Cat Who Knew Shakespeare - Mass Market,3.8,1,5.0,
289612,Eyelike Stickers: Kittens,3.6,1,3.0,
289841,NEW LISTINGCorduroy Ser.: Corduroy Lost and Found by B. G. Hennessy (2006),3.3,1,5.0,
290027,White Fur Flying,4.3,1,5.0,
290527,Clifford's Christmas,4.5,1,1.0,
290754,ERES MI MAMA? [BRIGHT & EARLY BO,4.9,1,3.0,
291026,The Amazing Turkey Rescue,4.6,1,5.0,
291673,"Hello, Crabby!: An Acorn Book (A Crabby Book #1)",4.9,1,5.0,
291734,The Gruffalo,4.8,1,5.0,
292289,Splat the Cat: I Scream for Ice Cream (I Can Read Level 1),3.8,1,5.0,
292794,The Berenstain Bears and the Homework Hassle,3.6,1,2.0,
292803,Stinkiest!: 20 Smelly Animals (Extreme Animals),4.0,1,5.0,
293059,The Greatest Shepherd of All: A Really Woolly Christmas Story,3.2,1,2.0,
293184,The Cricket in Times Square (Chester Cricket and His Friends),4.3,1,5.0,
293265,Night Animals,3.6,1,5.0,
293565,Pete the Cat: Secret Agent,5.0,1,5.0,
293918,"Redwall by Jacques, Brian",3.5,1,4.0,
294300,National Geographic Kids Chapters: Diving With Sharks!: And More True Sto,3.4,1,5.0,
294401,Pete the Cat and the Perfect Pizza Party,4.3,1,3.0,
294719,"I Need a Hug / Necesito Un Abrazo (Bilingual) by Blabey, Aaron",4.3,1,4.0,
295203,Who Would Win Lobster vs. Crab,3.6,1,5.0,
295212,The Call of the Wild (Classic Starts),4.7,1,5.0,
295603,Bunnicula: A Rabbit-Tale of Mystery,4.1,1,5.0,
295716,Farewell to Shady Glade,4.4,1,4.0,
295758,Ashlyn's Unsurprise Party (Wellie Wishers),3.3,1,5.0,
295912,Dr. Petty's Pain Relief for Dogs: The Complete Medical and Integrative Guide,4.1,1,4.0,
296187,Pajama Time! (Boynton on Board),4.2,1,1.0,
296797,"Hoot - Carl Hiaasen, 0375821813",3.3,1,5.0,
296984,The Berenstain Bears and the Spooky Old Tree (Big Bright & Early Boar),4.6,1,4.0,
297587,Animal Farm and Related Readings,3.2,1,4.0,
298031,Corduroy's Halloween (A Lift-the-Flap Book),4.0,1,4.0,
298644,Pastured Poultry Profits,3.0,1,4.0,
298970,Dora and the Unicorn King (Ready-To-Read Dora the Explorer - Level 1),3.7,1,5.0,
298984,Tippy Lemmey,4.2,1,4.0,
299058,Dora and the Unicorn King (Ready-To-Read Dora the Explorer - Level 1),3.7,1,5.0,
299123,The Velveteen Rabbit Mini Kit: Plush Toy and Illustrated Book (RP Minis) by in,4.6,1,2.0,
299257,Alligator Baby,3.4,1,5.0,
299698,Pete the Cat and the Bedtime Blues,3.3,1,5.0,
300053,"Animal Farm: The Graphic Novel by Orwell, George",3.2,1,5.0,
300076,The Berenstain Bears and the Bully,3.2,1,4.0,
300117,"The King of Sting by Peterson, Coyote",3.4,1,4.0,
300471,That's Not My Puppy: Its Coat Is Too Hairy(Usborne Touchy-Feely Books),4.8,1,5.0,
301006,The Adventures of Miss Petitfour,4.5,1,5.0,
301142,The Berenstain Bears' New Baby,4.7,1,3.0,
301461,Thereby Hangs a Tail: A Chet and Bernie Mystery (The Chet and Bernie Myst),3.2,1,4.0,
302996,"NEW LISTINGMiss McTaffetys Cats by Underhill, Liz",3.4,1,4.0,
303013,Bizzy Bear: Zookeeper,4.9,1,5.0,
303025,"National Geographic Kids Everything Sharks: All the shark facts, photos",3.3,1,1.0,
303112,Pete the Cat and the Missing Cupcakes,3.8,1,1.0,
303206,Amazing Animal Groups Books for Young Explorers,3.4,1,4.0,
303769,"The Velveteen Rabbit, or, How Toys Become Real - Williams, 0517618133",4.9,1,3.0,
304925,FROM HEAD TO TOE BOARD BOOK,3.7,1,3.0,
306620,Five Silly Turkeys,4.6,1,3.0,
306766,SAFARI: A PHOTICULAR BOOK,3.7,1,5.0,
306776,The Kitten Who Thought He Was a Mouse (Little Golden Book),4.2,1,5.0,
307375,"One Fish, Two Fish, Three, Four, Five Fish (Dr. Seuss Nursery Collection)",4.4,1,5.0,
307434,DK Eyewitness Books: Horse,4.7,1,5.0,
307991,Olivia's Opposites,3.8,1,4.0,
308109,Moo Baa La La La,4.6,1,5.0,
309269,"NEW LISTINGBlue Animals by Leaf, Christina",4.3,1,2.0,
309319,Everything for a Dog,4.4,1,4.0,
309804,Marley & Me: Life and Love with the World's Worst Dog,3.8,1,4.0,
310358,"The Bad Guys in Open Wide and Say Arrrgh! (the Bad Guys #15) by Blabey, Aaron",3.5,1,5.0,
311224,Baby Animals (Little Golden Book),3.5,1,4.0,
311640,Saving Winslow,4.6,1,5.0,
311744,Who Would Win? Alligator vs. Python,4.7,1,3.0,
311870,We're Going on a Bear Hunt,4.9,1,5.0,
312176,"I Need a Hug / Necesito Un Abrazo (Bilingual) by Blabey, Aaron",4.9,1,4.0,
312186,Bear Stays Up for Christmas,4.2,1,5.0,
312440,Winnie the Pooh's Bedtime Stories,4.6,1,2.0,
312462,Fancy Nancy and the Posh Puppy,3.9,1,3.0,
313105,Just So Thankful (Little Critter),4.2,1,2.0,
313300,Close to Shore: The Terrifying Shark - 9780767904148,4.6,1,5.0,
313792,Seekers #3: Smoke Mountain,4.8,1,5.0,
314029,1984 & Animal Farm Set by George Orwell - NEW,4.9,1,2.0,
314037,Monarch Butterfly,4.6,1,4.0,
314401,"Put Me In the Zoo; Bright & Early Board Boo- 9780375812156, Lopshire, board book",4.0,1,5.0,
314537,The Great Rescue (Cabbage Patch Kids),4.4,1,5.0,
314776,My Life as a Book (The My Life series),4.0,1,4.0,
314944,One Fine Day,3.8,1,5.0,
314955,Flora and Ulysses: The Illuminated Adventures,4.6,1,3.0,
315341,Because I Had a Teacher,4.6,1,5.0,
315493,The Berenstain Bears Around the World (I Can Read Level 1),4.9,1,2.0,
315997,Animals: A Visual Encyclopedia (Second Edition),3.4,1,5.0,
316212,Lily to the Rescue: Two Little Piggies,4.7,1,5.0,
316282,The Wild Robot,3.8,1,5.0,
316495,Arthur Decks the Hall (Nifty Lift-and-Look),4.4,1,5.0,
317048,Turtles & Snails (First Discovery) - Spiral-bound,3.2,1,5.0,
317623,The Velveteen Rabbit Mini Kit: Plush Toy and Illustrated Book (RP Minis) by in,3.1,1,5.0,
317658,Mister Seahorse: board book (World of Eric Carle),3.8,1,5.0,
317839,No Roses for Harry!,4.1,1,4.0,
317979,Wild Animals Coloring Book (Dover Nature Coloring Book),3.5,1,5.0,
319831,"NEW LISTINGLITTLE CELEBRATIONS, IN THE BACKYARD, SINGLE COPY, FLUENCY, STAGE 3A",4.6,1,5.0,
320475,Eva's Campfire Adventure: A Branches Book [Owl Diaries #12],4.3,1,2.0,
321069,Richard Scarry's Please and Thank You Book (Pictureback(R)),3.3,1,2.0,
322188,I Spy Animals,3.6,1,4.0,
322373,Amazing Animal Groups Books for Young Explorers,4.3,1,5.0,
323058,The Grinny Granny Donkey,3.3,1,1.0,
323133,NEW LISTINGThe Diary of a Mindful Dog: Simple Thoughts from a Not-So-Simple Dog,3.5,1,5.0,
323393,Samantha's Pride (Thoroughbred Series #7),4.2,1,5.0,
323510,"NEW LISTINGThe Kingfisher Animal Encyclopedia; Kingfis- David Burnie, 0753465809",4.6,1,3.0,
323629,SHEEP IN A JEEP,3.3,1,5.0,
323838,Animal Farm,4.9,1,3.0,
324522,NEW LISTINGSurvivors #1: The Empty City,3.8,1,4.0,
324523,The Cat Who Went Underground - Mass Market,3.0,1,5.0,
325306,The Bad Guys in Superbad (The Bad Guys #8),3.2,1,4.0,
325754,Moo,3.6,1,5.0,
325946,The Berenstain Bears' Dinosaur Dig,4.5,1,3.0,
326598,Just So Thankful (Little Critter),4.4,1,1.0,
326754,"Time for Bed, Pete the Kitty: A Touch & Feel Book (Pete the Cat)",3.5,1,5.0,
327221,Whisker Haven Tales with the Palace Pets:: Sticker Storybook,3.9,1,5.0,
327391,Knight Owl,4.0,1,3.0,
327640,I'm the Biggest Thing in the Ocean!,4.0,1,3.0,
327659,Chicken Sunday - 9780698116153,4.7,1,5.0,
328054,We're Going on a Bear Hunt (Classic Board Books),4.8,1,3.0,
328742,Baby Touch and Feel: Farm Animals (Baby Touch & Feel),4.5,1,5.0,
328833,Little Puppy: Finger Puppet Book (Little Finger Puppet Board Books),4.4,1,5.0,
329380,A Horse for Kate (Horses and Friends),5.0,1,5.0,
329471,Sweet pickles books lot of 10 Small ASSORTED Alphabet Books Weekly Readers,4.9,1,5.0,
329687,Dont Let the Pigeon Drive the Bus,3.5,1,4.0,
330285,Bathtime for Biscuit (My First I Can Read),4.0,1,3.0,
330951,Lot of 10 Finger Puppet Board Books Lot Random,3.7,1,5.0,
331309,Elmo Loves Puppies (Sesame Street) (Sesame Street Board Books),3.1,1,2.0,
332019,Guess How Much I Love You,4.1,1,5.0,
332122,Bad Kitty Goes to the Vet; classic black-and,3.3,1,4.0,
332393,Thunder on the Plains The Story of the American Buffalo,3.2,1,2.0,
332588,Baby Bear Discovers the World (Wildlife Picture Books),4.6,1,5.0,
332850,"Click, Clack, Ho! Ho! Ho! (A Click, Clack Book)",4.4,1,4.0,
333400,"Wild Cats!; Wild Kratts; Step into Reading - 1101939141, Chris Kratt",3.3,1,3.0,
333590,A Dog's Promise (A Dog's Purpose),4.1,1,1.0,
334064,Bear Stays Up for Christmas (The Bear Books),5.0,1,5.0,
334083,"Rainforest Escape: My Island Animal, Exotic Flower and Tropical Plant Col",3.2,1,3.0,
335127,Zootopia Junior Novelization (Disney Zootopia),3.9,1,5.0,
335441,Busy Doggies!: A Busy Animals Book (A Busy Book),4.5,1,5.0,
336433,"Skippyjon Jones, Lost in Spice",3.7,1,5.0,
336551,A Dog's Way Home,3.3,1,4.0,
337160,Growl! A Book About Bears (level 3) (Hello Reader),3.7,1,5.0,
337311,JUNIE B. JONES - Build-A-Lot by Barbara Parks,4.6,1,5.0,
337371,"Building Small Barns, Sheds & Shelters",4.9,1,5.0,
337787,Is Your Mama a Llama?,3.1,1,5.0,
338129,Evie Scruffypup's Big Surprise (Magic Animal Friends #10),3.4,1,1.0,
338252,"Easy Coloring Books for Senior: Flowers and Animals Coloring Book Easy, Fun",3.0,1,2.0,
339008,Bunnies' ABC (Little Golden Book),3.7,1,2.0,
339215,The Return of the Bunny Suicides,4.4,1,5.0,
339459,Illustrated Treasury of Classic Animal Tales & Rhymes (Children's Illustrated),3.5,1,4.0,
339509,A Tale of Two Beasts,4.4,1,4.0,
339548,Hoot - 0375829164,4.8,1,5.0,
339676,Wild Predators (Wild Kratts) (Step into Reading),3.6,1,5.0,
339704,The Call of the Wild,4.3,1,4.0,
339749,Animal Rescue Friends Volume 1 Epic,3.8,1,4.0,
339792,"Jack Hanna's Big Book of Why: Amazing Animal Facts and Photos by Hanna, Jack",4.0,1,5.0,
339857,Lights Out,3.3,1,5.0,
340032,1984 & Animal Farm (Set of 2 Books) by George Orwell -NEW,3.9,1,3.0,
340153,"The Eye Book - 0375800336, Theo LeSieg",4.0,1,3.0,
340232,Charmed Book Of Shadows With ORIGINAL PAGES In English - BIG Size Halloween,5.0,1,3.0,
340484,WHAT IF YOU HAD AN ANIMAL TAIL?,4.9,1,5.0,
340645,Zen Shorts (Caldecott Honor Book),4.4,1,5.0,
340731,Eva in the Spotlight: A Branches Book (Owl Diaries #13),4.7,1,5.0,
340825,Night of the Zombie Zookeeper (Desmond Cole Ghost Patrol),4.0,1,5.0,
341085,Urchin and the Heartstone (The Mistmantle Chronicles),4.5,1,5.0,
341449,"Steam Train, Dream Train",4.8,1,5.0,
341751,Where's the Poop?,3.1,1,5.0,
342085,The Berenstain Bears and the Spooky Old Tree,4.8,1,4.0,
342534,Walt Disneys Classic 101 Dalmatians (Big Golden Book),3.1,1,5.0,
342755,"Animal Noses; Look Once, Look Again - 9781574713213",4.7,1,5.0,
343102,Mr. Willowby's Christmas Tree,3.4,1,5.0,
343614,"Animal Tracks of Northern California by Sheldon, Ian",3.2,1,5.0,
343794,"National Geographic Kids Everything Sharks: All the shark facts, photos",3.8,1,5.0,
343956,The Bad Guys in Open Wide and Say Arrrgh (The Bad Guys 15),4.2,1,5.0,
344854,"Adult Coloring Book: Stress Relieving Designs Animals, Mandalas, Flowers",3.1,1,5.0,
344867,Kappa FLOWERS To Color DESIGNER SERIES Adult Coloring Book,3.2,1,3.0,
344878,Animal Families WOLVES,5.0,1,5.0,
345245,THE BERENSTAIN BEARS TRICK OR TR,3.2,1,5.0,
345382,The Dinky Donkey,4.9,1,5.0,
346089,"Animal Noses; Look Once, Look Again - 9781574713213",3.1,1,5.0,
346370,Pete the Cat: Trick or Pete,3.6,1,2.0,
346519,Everything You Need to Ace Science in One Big Fat Notebook: The Complete,3.1,1,5.0,
346804,Pests: How Humans Create Animal Villains,3.0,1,1.0,
346981,The Animal Farm Buttermilk Cookbook: Recipes and Reflections from a Small Vermo,3.1,1,4.0,
346986,Reptiles and Amphibians of New Zealand (2019),4.4,1,2.0,
347895,The Cat Who Sniffed Glue,3.0,1,2.0,
347944,"Rescued: What Second-Chance Dogs Teach Us About Living with Purpose, Lovi",4.9,1,4.0,
348246,"Lot of 5 If You Give a Mouse A Cookie Series Books by Laura Numeroff ""RANDOM""",4.4,1,5.0,
348355,Random Lot of 10 A to Z & Calendar Mysteries by Ron Roy Scholastic,3.9,1,4.0,
348466,Night of the Zombie Zookeeper (Desmond Cole Ghost Patrol),4.7,1,3.0,
348795,NEW LISTINGThe Case of the Scaredy Cats; An I C,3.8,1,4.0,
348904,Infected: An AFK Book (Piggy Original Novel),4.5,1,5.0,
349086,Do Cows Meow? (A Lift-the-Flap Book),4.9,1,4.0,
350361,Trilby A Bird in My Hat,4.9,1,3.0,
350669,Baby Very First Slide and See Animals,4.3,1,4.0,
350702,"The Big Honey Hunt, 50th Anniversary Edition (The Berenstain Bears)",3.9,1,5.0,
350766,Nickelodeon 5-Minute Christmas Stories (Nickelodeon),3.3,1,5.0,
351555,Peter Rabbit Large Shaped Board Book,4.2,1,5.0,
352438,Redwall: 30th Anniversary Edition - Mass Market,3.3,1,5.0,
352441,Who Stole The Animal Poop? (Buck Wilder Adventures),3.6,1,5.0,
353158,Cats Gone Bad,5.0,1,2.0,
353430,Stallion in the Storm (Animal Ark Hauntings #1),3.8,1,4.0,
354289,The Guardian,3.2,1,5.0,
355196,Bill and Pete,4.8,1,2.0,
355558,The Rainbow Fish,4.2,1,4.0,
355948,20 lot little golden books assorted kids vintage mix newer board books,4.5,1,5.0,
356096,The Incredible Journey - Mass Market,4.2,1,4.0,
356378,The Berenstain Bears and the Spooky Old Tree,3.9,1,5.0,
356519,Bizzy Bear: Zookeeper,4.3,1,5.0,
357186,Lights Out,4.7,1,2.0,
357344,Pete the Cat's Train Trip (My First I Can Read),4.4,1,5.0,
357771,Richard Scarry's Best Little Word Book Ever (Little Golden Book),3.5,1,3.0,
358107,The Audubon Society Field Guide to North American Birds: Western Region,4.0,1,5.0,
359029,Cat Daddy: What the World's Most Incorrigible Cat Taught Me About Li,4.8,1,5.0,
359361,Groundhog Day!,4.1,1,4.0,
359375,Tickle Time!: A Boynton on Board Board Book,4.6,1,5.0,
359379,God Gave Us Easter,3.5,1,4.0,
359689,Warriors: Battles of the Clans (Warriors Field Guide),3.9,1,1.0,
359920,The New Yorker Book of All-New Cat Cartoons (New Yorker Series),3.8,1,5.0,
360031,Bedtime Bear (Touch and Feel Books),4.6,1,1.0,
360034,Animal World. 9781407550879,3.1,1,5.0,
360079,Pete the Cat Checks Out the Library,5.0,1,4.0,
361660,If Animals Kissed Good Night,4.2,1,4.0,
361685,Shelby's Story: A Puppy Tale,4.0,1,3.0,
361770,1984 & Animal Farm (2In1) by George Orwell,4.7,1,2.0,
362876,199 Zoo Animals,4.7,1,4.0,
363260,Peter Spier's Circus (A Picture Yearling Book),3.2,1,5.0,
363620,Magic Tree House Books 1-28 Choose Brand New Latest Edition Flat $4.75 Shipping,4.2,1,5.0,
363623,Goosebumps: Werewolf of Fever Swamp,3.4,1,5.0,
363808,"An Elephant & Piggie Biggie! by Willems, Mo",4.5,1,4.0,
363810,The Berenstain Bears and the Christmas Angel (Berenstain Bears/Living),3.1,1,5.0,
364013,The Berenstain Bears: We Love the Library,4.4,1,4.0,
364255,"Bright Baby Touch & Feel Baby Animals; Bright- board book, 9780312498580, Priddy",3.4,1,4.0,
364899,Amelia Sparklepaw's Party Problem (Magic Animal Friends: Special Edition),3.1,1,5.0,
365176,"Hippie Animals Coloring Book by McArdle, Thaneeya",3.3,1,2.0,
365467,I've Loved You Since Forever Board Book,3.2,1,4.0,
365594,Baby Einstein: First Words,3.2,1,5.0,
366058,"Have You Seen My Cat? by Carle, Eric",4.8,1,3.0,
366456,3 BEAUTIFUL STRESS RELIEF ADULT COLORING BOOKS U CHOOSE 1 OR ALL B-034,4.1,1,3.0,
367557,Magic Tree House Incredible Fact Book: Our Favorite Facts about Animals,4.8,1,3.0,
368009,"Sweet Dreams, Roo (Winnie the Pooh)",3.2,1,5.0,
368197,Franklin's Blanket,4.4,1,5.0,
368518,"Rainforest Escape: My Island Animal, Exotic Flower and Tropical Plant Color Book",3.1,1,5.0,
368547,Animal Crossing: New Leaf: Prima Official Game Guide (Prima Official Game),3.5,1,5.0,
368789,The Secret Zoo: Secrets and Shadows,4.5,1,2.0,
369045,"Little Blue Truck's Springtime: An Easter And - Schertle, 0544938097, board book",4.4,1,4.0,
369185,The Berenstain Bears and the Trouble at School,4.3,1,3.0,
369756,Baby Bear Discovers the World (Wildlife Picture Books),3.1,1,5.0,
370129,Pet Bugs: A Kid's Guide to Catching and Keeping Touchable Insects,3.1,1,3.0,
370235,"Chicken Said, Cluck! (My First I Can Read)",4.4,1,4.0,
370746,"NEW LISTINGMigloo's Weekend by Bee, William",3.6,1,3.0,
370966,"Happy Halloween, Biscuit!",4.3,1,5.0,
371341,"Merry Christmas, Peppa! (Peppa Pig 8x8)",4.5,1,3.0,
371753,Baby Shark! (Little Golden Book),4.5,1,2.0,
371865,Llama Llama Red Pajama,4.0,1,4.0,
372024,PETE THE CAT GOES CAMPING [I CAN,3.5,1,5.0,
372336,All Better!,3.5,1,3.0,
372409,Warriors: The New Prophecy #3: Dawn,4.7,1,2.0,
373154,"Inside of a Dog: What Dogs See, Smell, and Know",3.8,1,5.0,
373177,NEW LISTINGLot of 8 PIG THE PUG books,4.0,1,5.0,
373215,Paw Patrol IM Ready To Read,3.1,1,5.0,
373223,Dora and the Unicorn King (Ready-To-Read Dora the Explorer - Level 1),3.4,1,3.0,
373339,"Colton K-9 Target (The Coltons of Grave Gulch, 8) - Mass Market",3.7,1,2.0,
373387,Duck on a Bike,4.4,1,5.0,
373427,BUILD YOUR OWN LOT: A to Z Mysteries / Calendar Series - Ron Roy / Scholastic,3.2,1,5.0,
373698,"I Love You, Little Pookie",4.0,1,5.0,
373857,"Safari: A Photicular Book by Kainen, Dan; Kaufmann, Carol",4.3,1,3.0,
373991,The Animal Farm Buttermilk Cookbook: Recipes and Reflections from a Small Vermo,4.8,1,5.0,
374341,Amelia Sparklepaw's Party Problem (Magic Animal Friends: Special Edition),4.6,1,5.0,
374701,Captain Cat by Inga Moore,4.6,1,5.0,
374914,There Was an Old Lady Who Swallowed a Fly!,3.5,1,4.0,
375083,Dream Animals: A Bedtime Journey,4.4,1,5.0,
375488,"I Need a Hug / Necesito Un Abrazo (Bilingual) by Blabey, Aaron",5.0,1,5.0,
376413,"The Hummingbird Book: The Complete Guide to Attracting, Identifying, and",3.5,1,5.0,
376490,PIG THE PUG SIX Book BOXED SET Aaron Blabey Winner Star Elf Fibber NEW SEALED,4.1,1,4.0,
376667,"Skippyjon Jones, Lost in Spice",3.9,1,4.0,
376728,Dot the fire dog,4.9,1,5.0,
376862,"Eona by Goodman, Alison",4.3,1,3.0,
376874,There Was an Old Lady Who Swallowed a Fly!,4.7,1,5.0,
376877,Pete the Cat: Trick or Pete,4.7,1,4.0,
376945,"The Cat Who Went Underground - 9780515101232, Lilian Jackson Braun",3.4,1,4.0,
377126,"Llama Llama Gives Thanks by Dewdney, Anna",3.5,1,5.0,
377143,Pete the Cat Checks Out the Library,3.2,1,5.0,
377195,Dog Man: From the Creator of Captain Underpants (Dog Man #1),4.1,1,5.0,
377690,Farewell to Shady Glade,3.6,1,5.0,
377694,Wild About Books,4.4,1,4.0,
377864,WHAT IF YOU HAD AN ANIMAL TAIL?,3.6,1,5.0,
377907,A Dog's Life,4.5,1,4.0,
379971,"Night-Night, Little Pookie (Pookie Books)",4.7,1,4.0,
380694,Dog Heaven,3.3,1,5.0,
381029,The Berenstain Bears and the Spooky Old Tree (Big Bright & Early Boar),4.7,1,4.0,
381166,Biscuit and the Little Llamas (My First I Can Read),3.9,1,2.0,
381948,Tacky the Penguin,3.6,1,5.0,
382092,Urchin and the Heartstone (The Mistmantle Chronicles),4.5,1,4.0,
382312,"Hockey Animals by Jordan, Christopher",3.5,1,3.0,
382703,Scooby Doo; Look and Find,4.0,1,3.0,
382940,Warriors #1: Into the Wild (Warriors: The Prophecies Begin),3.0,1,3.0,
383343,The Loop - Mass Market,3.6,1,5.0,
383499,The Perfect Horse: The Daring U.S. Mission to Rescue the Priceless Stalli,4.0,1,2.0,
383566,"Panda Bear, Panda Bear, What Do You See? Board Book",3.7,1,5.0,
384304,Crictor,5.0,1,2.0,
384512,"THE SUPER SIDE-QUEST TEST!: A BR , Flintham, Thomas",3.7,1,5.0,
385193,How to Tell If Your Cat Is Plotting to Kill You (The Oatmeal),4.5,1,1.0,
385332,H Is for Hawk,3.5,1,4.0,
385585,SHEEP IN A JEEP,4.6,1,3.0,
385641,"The Mitten, 20th Anniversary Edition",4.4,1,5.0,
385685,Dick and Jane Fun Wherever We Are,4.4,1,4.0,
385966,The Three Bears,3.9,1,3.0,
385991,"The Bad Guys in Open Wide and Say Arrrgh! [The Bad Guys #15] by Blabey, Aaron",4.9,1,5.0,
386361,The Ember Stone: A Branches Book (The Last Firehawk #1),4.3,1,5.0,
386438,Ponyella,4.5,1,5.0,
386779,"Scaredy-Cat, Splat! (Splat the Cat)",4.5,1,5.0,
386885,Dog's Colorful Day,4.5,1,5.0,
387002,Scaredy Squirrel Prepares for Christmas: A Safety Guide for Scaredies,3.3,1,4.0,
387069,Doggies (Boynton on Board),4.4,1,4.0,
387196,Purrmaids #4: Search for the Mermicorn,3.5,1,5.0,
387299,The Miraculous Journey of Edward Tulane by Kate Dicamillo,5.0,1,5.0,
387522,Noisy Animals [My First],3.7,1,5.0,
387860,"Pete the Cat: Rock On, Mom and Dad!",4.6,1,3.0,
388002,I Love You to the Moon and Back by Amelia Hepworth (English) Board Books Book,3.5,1,5.0,
388067,"Chickens by Miller, Sara Swan",4.2,1,5.0,
388483,Disaster on the Titanic (Ranger in Time #9),3.0,1,5.0,
388787,Some Babies Are Wild [Wildlife Picture Books],4.6,1,3.0,
388814,Peterson Field Guide Coloring Books: Birds: A Coloring Book [With Sticker(s)],4.5,1,5.0,
389911,The Hidden World of the Fox,3.6,1,2.0,
390028,National Geographic Readers: Koalas,4.4,1,4.0,
390110,Animal Adventures (Little House Chapter Books),5.0,1,4.0,
390238,Mammal (Eyewitness Books),3.2,1,3.0,
390331,Puppy Dog Pals Puppy Dog Pals Mission: Fun: A Lift-the-Flap Book,3.5,1,3.0,
390700,Pete the Cat I Love My White Shoes,4.7,1,1.0,
390884,Paw Patrol Phonics Childrens Step Reading Books Beginning Readers Lot 12,4.8,1,5.0,
390914,Charmed Book Of Shadows With ORIGINAL PAGES In English - BIG Size Halloween,4.5,1,5.0,
391934,"Hello, Yellowstone!",3.2,1,4.0,
391987,Scaredy Squirrel Prepares for Christmas: A Safety Guide for Scaredies,3.3,1,2.0,
392077,Animal Farm,4.4,1,4.0,
392198,National Geographic Readers: Adorable Animals (Level 2) [PREMIUM LEATHER BOUND],3.0,1,5.0,
392377,Owl Babies,3.6,1,5.0,
393096,Toot & Puddle,4.9,1,5.0,
393465,Hello Red Fox (The World of Eric Carle),5.0,1,3.0,
394018,Babar the King (Babar Books (Random House)),4.1,1,5.0,
394183,"NEW LISTINGKitty's Magic: Star the Little Farm Cat by Moonheart, Ella",3.0,1,5.0,
394705,The Pout-Pout Fish,4.9,1,5.0,
394820,Arctic Freeze (Race the Wild #3),4.7,1,5.0,
395250,Dr. Seuss's Horse Museum,5.0,1,4.0,
396366,Pete the Kitty's First Day of Preschool (Pete the Cat),4.5,1,5.0,
396988,TODDLER BOARD BOOKS **BABIES LOVE**FINGER PUPPET**LIFT A FLAP** YOU CHOOSE!,4.1,1,5.0,
398411,NEW LISTINGThe Case of the Scaredy Cats; An I C,4.2,1,2.0,
399146,"Macca the Alpaca by Cosgrove, Matt",5.0,1,5.0,
399280,"The Capture (Guardians of Ga'hoole, Book 1)",4.3,1,2.0,
399287,"Draw 50 Animals: The Step-by-Step Way to Draw Elephants, Tigers, Dogs, Fi",4.5,1,5.0,
399810,Animal Numbers,3.4,1,3.0,
400534,"Time for Bed, Pete the Kitty: A Touch & Feel Book (Pete the Cat)",4.7,1,5.0,
400706,Blueberries for Sal (Viking Kestrel picture books),3.7,1,5.0,
401505,"Cleveland Amory's Compleat Cat: Cat Who Came for C- Amory, 1884822282",4.5,1,4.0,
401661,National Geographic Kids Chapters: Lucky Leopards: And More True Stories,4.8,1,2.0,
402066,Reptiles and Amphibians of New Zealand (2019),3.8,1,4.0,
402476,"Pete the Cat Rocking in My School Shoes - Eric Litwin, 0545501067",3.9,1,5.0,
402552,NEW LISTINGKaakuluk: Bearded Seals!,4.5,1,5.0,
402972,A Bear Called Paddington,4.7,1,3.0,
403129,The Babies and Doggies Book,3.4,1,5.0,
403141,God Gave Us Easter,3.8,1,5.0,
403296,Dog Man: Brawl of the Wild: From the Creator of Captain Underpants [Dog Man #6],4.8,1,5.0,
